Command line invocation:
    /Applications/Xcode.app/Contents/Developer/usr/bin/xcodebuild -project NotchApp.xcodeproj -scheme NotchApp -configuration Release -derivedDataPath build clean build

Resolve Package Graph


Resolved source packages:
  KeyboardShortcuts: https://github.com/sindresorhus/KeyboardShortcuts.git @ 2.4.0
  LaunchAtLogin: https://github.com/sindresorhus/LaunchAtLogin-Modern.git @ 1.1.0
  Sparkle: https://github.com/sparkle-project/Sparkle.git @ 2.9.1
  Defaults: https://github.com/sindresorhus/Defaults.git @ 8.2.0

--- xcodebuild: WARNING: Using the first of multiple matching destinations:
{ platform:macOS, arch:arm64, id:00008132-000C59192245001C, name:My Mac }
{ platform:macOS, arch:x86_64, id:00008132-000C59192245001C, name:My Mac }
{ platform:macOS, name:Any Mac }
CreateBuildRequest

SendProjectDescription

CreateBuildOperation

** CLEAN SUCCEEDED **

--- xcodebuild: WARNING: Using the first of multiple matching destinations:
{ platform:macOS, arch:arm64, id:00008132-000C59192245001C, name:My Mac }
{ platform:macOS, arch:x86_64, id:00008132-000C59192245001C, name:My Mac }
{ platform:macOS, name:Any Mac }
ComputePackagePrebuildTargetDependencyGraph

Prepare packages

CreateBuildRequest

SendProjectDescription

CreateBuildOperation

ComputeTargetDependencyGraph
note: Building targets in dependency order
note: Target dependency graph (10 targets)
    Target 'NotchApp' in project 'NotchApp'
        ➜ Explicit dependency on target 'Sparkle' in project 'Sparkle'
        ➜ Explicit dependency on target 'Defaults' in project 'Defaults'
        ➜ Explicit dependency on target 'LaunchAtLogin' in project 'LaunchAtLogin'
        ➜ Explicit dependency on target 'KeyboardShortcuts' in project 'KeyboardShortcuts'
    Target 'KeyboardShortcuts' in project 'KeyboardShortcuts'
        ➜ Explicit dependency on target 'KeyboardShortcuts' in project 'KeyboardShortcuts'
        ➜ Explicit dependency on target 'KeyboardShortcuts_KeyboardShortcuts' in project 'KeyboardShortcuts'
    Target 'KeyboardShortcuts' in project 'KeyboardShortcuts'
        ➜ Explicit dependency on target 'KeyboardShortcuts_KeyboardShortcuts' in project 'KeyboardShortcuts'
    Target 'KeyboardShortcuts_KeyboardShortcuts' in project 'KeyboardShortcuts' (no dependencies)
    Target 'LaunchAtLogin' in project 'LaunchAtLogin'
        ➜ Explicit dependency on target 'LaunchAtLogin' in project 'LaunchAtLogin'
    Target 'LaunchAtLogin' in project 'LaunchAtLogin' (no dependencies)
    Target 'Defaults' in project 'Defaults'
        ➜ Explicit dependency on target 'Defaults' in project 'Defaults'
        ➜ Explicit dependency on target 'Defaults_Defaults' in project 'Defaults'
    Target 'Defaults' in project 'Defaults'
        ➜ Explicit dependency on target 'Defaults_Defaults' in project 'Defaults'
    Target 'Defaults_Defaults' in project 'Defaults' (no dependencies)
    Target 'Sparkle' in project 'Sparkle' (no dependencies)

GatherProvisioningInputs

CreateBuildDescription

ExecuteExternalTool /Applications/Xcode.app/Contents/Developer/Toolchains/XcodeDefault.xctoolchain/usr/bin/swiftc --version

ExecuteExternalTool /Applications/Xcode.app/Contents/Developer/Toolchains/XcodeDefault.xctoolchain/usr/bin/clang -v -E -dM -isysroot /Applications/Xcode.app/Contents/Developer/Platforms/MacOSX.platform/Developer/SDKs/MacOSX26.4.sdk -x c -c /dev/null

ExecuteExternalTool /Applications/Xcode.app/Contents/Developer/usr/bin/actool --version --output-format xml1

ExecuteExternalTool /Applications/Xcode.app/Contents/Developer/Toolchains/XcodeDefault.xctoolchain/usr/bin/ld -version_details

ReadFileContents /Applications/Xcode.app/Contents/Developer/Toolchains/XcodeDefault.xctoolchain/usr/share/docc/features.json

Build description signature: 131f44de9be8b38340828281338b936d
Build description path: /Users/puneeth/Documents/NotchApp/build/Build/Intermediates.noindex/XCBuildData/131f44de9be8b38340828281338b936d.xcbuilddata
ClangStatCache /Applications/Xcode.app/Contents/Developer/Toolchains/XcodeDefault.xctoolchain/usr/bin/clang-stat-cache /Applications/Xcode.app/Contents/Developer/Platforms/MacOSX.platform/Developer/SDKs/MacOSX26.4.sdk /Users/puneeth/Documents/NotchApp/build/SDKStatCaches.noindex/macosx26.4-25E251-30f9ca8789b706f8bd3fc906a70d770f.sdkstatcache
    cd /Users/puneeth/Documents/NotchApp/NotchApp.xcodeproj
    /Applications/Xcode.app/Contents/Developer/Toolchains/XcodeDefault.xctoolchain/usr/bin/clang-stat-cache /Applications/Xcode.app/Contents/Developer/Platforms/MacOSX.platform/Developer/SDKs/MacOSX26.4.sdk -o /Users/puneeth/Documents/NotchApp/build/SDKStatCaches.noindex/macosx26.4-25E251-30f9ca8789b706f8bd3fc906a70d770f.sdkstatcache

CreateBuildDirectory /Users/puneeth/Documents/NotchApp/build/Build/Products
    cd /Users/puneeth/Documents/NotchApp/NotchApp.xcodeproj
    builtin-create-build-directory /Users/puneeth/Documents/NotchApp/build/Build/Products

CreateBuildDirectory /Users/puneeth/Documents/NotchApp/build/Build/Intermediates.noindex
    cd /Users/puneeth/Documents/NotchApp/NotchApp.xcodeproj
    builtin-create-build-directory /Users/puneeth/Documents/NotchApp/build/Build/Intermediates.noindex

CreateBuildDirectory /Users/puneeth/Documents/NotchApp/build/Build/Products/Release
    cd /Users/puneeth/Documents/NotchApp/NotchApp.xcodeproj
    builtin-create-build-directory /Users/puneeth/Documents/NotchApp/build/Build/Products/Release

CreateBuildDirectory /Users/puneeth/Documents/NotchApp/build/Build/Intermediates.noindex/ExplicitPrecompiledModules
    cd /Users/puneeth/Documents/NotchApp/NotchApp.xcodeproj
    builtin-create-build-directory /Users/puneeth/Documents/NotchApp/build/Build/Intermediates.noindex/ExplicitPrecompiledModules

CreateBuildDirectory /Users/puneeth/Documents/NotchApp/build/Build/Intermediates.noindex/SwiftExplicitPrecompiledModules
    cd /Users/puneeth/Documents/NotchApp/NotchApp.xcodeproj
    builtin-create-build-directory /Users/puneeth/Documents/NotchApp/build/Build/Intermediates.noindex/SwiftExplicitPrecompiledModules

CreateBuildDirectory /Users/puneeth/Documents/NotchApp/build/Build/Intermediates.noindex/EagerLinkingTBDs/Release
    cd /Users/puneeth/Documents/NotchApp/NotchApp.xcodeproj
    builtin-create-build-directory /Users/puneeth/Documents/NotchApp/build/Build/Intermediates.noindex/EagerLinkingTBDs/Release

WriteAuxiliaryFile /Users/puneeth/Documents/NotchApp/build/Build/Intermediates.noindex/NotchApp.build/Release/NotchApp-43d371e75e42fb2fedff4baeb6f11e61-VFS/all-product-headers.yaml
    cd /Users/puneeth/Documents/NotchApp/NotchApp.xcodeproj
    write-file /Users/puneeth/Documents/NotchApp/build/Build/Intermediates.noindex/NotchApp.build/Release/NotchApp-43d371e75e42fb2fedff4baeb6f11e61-VFS/all-product-headers.yaml

CreateBuildDirectory /Users/puneeth/Documents/NotchApp/build/Build/Products/Release/PackageFrameworks
    cd /Users/puneeth/Documents/NotchApp/NotchApp.xcodeproj
    builtin-create-build-directory /Users/puneeth/Documents/NotchApp/build/Build/Products/Release/PackageFrameworks

WriteAuxiliaryFile /Users/puneeth/Documents/NotchApp/build/Build/Intermediates.noindex/KeyboardShortcuts.build/Release/KeyboardShortcuts_KeyboardShortcuts.build/KeyboardShortcuts_KeyboardShortcuts.DependencyMetadataFileList (in target 'KeyboardShortcuts_KeyboardShortcuts' from project 'KeyboardShortcuts')
    cd /Users/puneeth/Documents/NotchApp/build/SourcePackages/checkouts/KeyboardShortcuts
    write-file /Users/puneeth/Documents/NotchApp/build/Build/Intermediates.noindex/KeyboardShortcuts.build/Release/KeyboardShortcuts_KeyboardShortcuts.build/KeyboardShortcuts_KeyboardShortcuts.DependencyMetadataFileList

WriteAuxiliaryFile /Users/puneeth/Documents/NotchApp/build/Build/Intermediates.noindex/KeyboardShortcuts.build/Release/KeyboardShortcuts_KeyboardShortcuts.build/empty-KeyboardShortcuts_KeyboardShortcuts.plist (in target 'KeyboardShortcuts_KeyboardShortcuts' from project 'KeyboardShortcuts')
    cd /Users/puneeth/Documents/NotchApp/build/SourcePackages/checkouts/KeyboardShortcuts
    write-file /Users/puneeth/Documents/NotchApp/build/Build/Intermediates.noindex/KeyboardShortcuts.build/Release/KeyboardShortcuts_KeyboardShortcuts.build/empty-KeyboardShortcuts_KeyboardShortcuts.plist

WriteAuxiliaryFile /Users/puneeth/Documents/NotchApp/build/Build/Intermediates.noindex/KeyboardShortcuts.build/Release/KeyboardShortcuts.build/KeyboardShortcuts.modulemap (in target 'KeyboardShortcuts' from project 'KeyboardShortcuts')
    cd /Users/puneeth/Documents/NotchApp/build/SourcePackages/checkouts/KeyboardShortcuts
    write-file /Users/puneeth/Documents/NotchApp/build/Build/Intermediates.noindex/KeyboardShortcuts.build/Release/KeyboardShortcuts.build/KeyboardShortcuts.modulemap

WriteAuxiliaryFile /Users/puneeth/Documents/NotchApp/build/Build/Intermediates.noindex/KeyboardShortcuts.build/Release/KeyboardShortcuts.build/Objects-normal/arm64/KeyboardShortcuts-OutputFileMap.json (in target 'KeyboardShortcuts' from project 'KeyboardShortcuts')
    cd /Users/puneeth/Documents/NotchApp/build/SourcePackages/checkouts/KeyboardShortcuts
    write-file /Users/puneeth/Documents/NotchApp/build/Build/Intermediates.noindex/KeyboardShortcuts.build/Release/KeyboardShortcuts.build/Objects-normal/arm64/KeyboardShortcuts-OutputFileMap.json

WriteAuxiliaryFile /Users/puneeth/Documents/NotchApp/build/Build/Intermediates.noindex/KeyboardShortcuts.build/Release/KeyboardShortcuts.build/Objects-normal/arm64/KeyboardShortcuts_const_extract_protocols.json (in target 'KeyboardShortcuts' from project 'KeyboardShortcuts')
    cd /Users/puneeth/Documents/NotchApp/build/SourcePackages/checkouts/KeyboardShortcuts
    write-file /Users/puneeth/Documents/NotchApp/build/Build/Intermediates.noindex/KeyboardShortcuts.build/Release/KeyboardShortcuts.build/Objects-normal/arm64/KeyboardShortcuts_const_extract_protocols.json

WriteAuxiliaryFile /Users/puneeth/Documents/NotchApp/build/Build/Intermediates.noindex/KeyboardShortcuts.build/Release/KeyboardShortcuts.build/Objects-normal/arm64/KeyboardShortcuts.SwiftFileList (in target 'KeyboardShortcuts' from project 'KeyboardShortcuts')
    cd /Users/puneeth/Documents/NotchApp/build/SourcePackages/checkouts/KeyboardShortcuts
    write-file /Users/puneeth/Documents/NotchApp/build/Build/Intermediates.noindex/KeyboardShortcuts.build/Release/KeyboardShortcuts.build/Objects-normal/arm64/KeyboardShortcuts.SwiftFileList

WriteAuxiliaryFile /Users/puneeth/Documents/NotchApp/build/Build/Intermediates.noindex/KeyboardShortcuts.build/Release/KeyboardShortcuts.build/Objects-normal/arm64/KeyboardShortcuts.LinkFileList (in target 'KeyboardShortcuts' from project 'KeyboardShortcuts')
    cd /Users/puneeth/Documents/NotchApp/build/SourcePackages/checkouts/KeyboardShortcuts
    write-file /Users/puneeth/Documents/NotchApp/build/Build/Intermediates.noindex/KeyboardShortcuts.build/Release/KeyboardShortcuts.build/Objects-normal/arm64/KeyboardShortcuts.LinkFileList

WriteAuxiliaryFile /Users/puneeth/Documents/NotchApp/build/Build/Intermediates.noindex/KeyboardShortcuts.build/Release/KeyboardShortcuts_KeyboardShortcuts.build/KeyboardShortcuts_KeyboardShortcuts.DependencyStaticMetadataFileList (in target 'KeyboardShortcuts_KeyboardShortcuts' from project 'KeyboardShortcuts')
    cd /Users/puneeth/Documents/NotchApp/build/SourcePackages/checkouts/KeyboardShortcuts
    write-file /Users/puneeth/Documents/NotchApp/build/Build/Intermediates.noindex/KeyboardShortcuts.build/Release/KeyboardShortcuts_KeyboardShortcuts.build/KeyboardShortcuts_KeyboardShortcuts.DependencyStaticMetadataFileList

WriteAuxiliaryFile /Users/puneeth/Documents/NotchApp/build/Build/Intermediates.noindex/KeyboardShortcuts.build/Release/KeyboardShortcuts.build/Objects-normal/arm64/KeyboardShortcuts.SwiftConstValuesFileList (in target 'KeyboardShortcuts' from project 'KeyboardShortcuts')
    cd /Users/puneeth/Documents/NotchApp/build/SourcePackages/checkouts/KeyboardShortcuts
    write-file /Users/puneeth/Documents/NotchApp/build/Build/Intermediates.noindex/KeyboardShortcuts.build/Release/KeyboardShortcuts.build/Objects-normal/arm64/KeyboardShortcuts.SwiftConstValuesFileList

WriteAuxiliaryFile /Users/puneeth/Documents/NotchApp/build/Build/Intermediates.noindex/LaunchAtLogin.build/Release/LaunchAtLogin.build/Objects-normal/arm64/LaunchAtLogin_const_extract_protocols.json (in target 'LaunchAtLogin' from project 'LaunchAtLogin')
    cd /Users/puneeth/Documents/NotchApp/build/SourcePackages/checkouts/LaunchAtLogin-Modern
    write-file /Users/puneeth/Documents/NotchApp/build/Build/Intermediates.noindex/LaunchAtLogin.build/Release/LaunchAtLogin.build/Objects-normal/arm64/LaunchAtLogin_const_extract_protocols.json

WriteAuxiliaryFile /Users/puneeth/Documents/NotchApp/build/Build/Intermediates.noindex/LaunchAtLogin.build/Release/LaunchAtLogin.build/Objects-normal/arm64/LaunchAtLogin.SwiftFileList (in target 'LaunchAtLogin' from project 'LaunchAtLogin')
    cd /Users/puneeth/Documents/NotchApp/build/SourcePackages/checkouts/LaunchAtLogin-Modern
    write-file /Users/puneeth/Documents/NotchApp/build/Build/Intermediates.noindex/LaunchAtLogin.build/Release/LaunchAtLogin.build/Objects-normal/arm64/LaunchAtLogin.SwiftFileList

WriteAuxiliaryFile /Users/puneeth/Documents/NotchApp/build/Build/Intermediates.noindex/LaunchAtLogin.build/Release/LaunchAtLogin.build/Objects-normal/arm64/LaunchAtLogin.SwiftConstValuesFileList (in target 'LaunchAtLogin' from project 'LaunchAtLogin')
    cd /Users/puneeth/Documents/NotchApp/build/SourcePackages/checkouts/LaunchAtLogin-Modern
    write-file /Users/puneeth/Documents/NotchApp/build/Build/Intermediates.noindex/LaunchAtLogin.build/Release/LaunchAtLogin.build/Objects-normal/arm64/LaunchAtLogin.SwiftConstValuesFileList

WriteAuxiliaryFile /Users/puneeth/Documents/NotchApp/build/Build/Intermediates.noindex/LaunchAtLogin.build/Release/LaunchAtLogin.build/Objects-normal/arm64/LaunchAtLogin.LinkFileList (in target 'LaunchAtLogin' from project 'LaunchAtLogin')
    cd /Users/puneeth/Documents/NotchApp/build/SourcePackages/checkouts/LaunchAtLogin-Modern
    write-file /Users/puneeth/Documents/NotchApp/build/Build/Intermediates.noindex/LaunchAtLogin.build/Release/LaunchAtLogin.build/Objects-normal/arm64/LaunchAtLogin.LinkFileList

WriteAuxiliaryFile /Users/puneeth/Documents/NotchApp/build/Build/Intermediates.noindex/LaunchAtLogin.build/Release/LaunchAtLogin.build/Objects-normal/arm64/LaunchAtLogin-OutputFileMap.json (in target 'LaunchAtLogin' from project 'LaunchAtLogin')
    cd /Users/puneeth/Documents/NotchApp/build/SourcePackages/checkouts/LaunchAtLogin-Modern
    write-file /Users/puneeth/Documents/NotchApp/build/Build/Intermediates.noindex/LaunchAtLogin.build/Release/LaunchAtLogin.build/Objects-normal/arm64/LaunchAtLogin-OutputFileMap.json

WriteAuxiliaryFile /Users/puneeth/Documents/NotchApp/build/Build/Intermediates.noindex/LaunchAtLogin.build/Release/LaunchAtLogin.build/LaunchAtLogin.DependencyMetadataFileList (in target 'LaunchAtLogin' from project 'LaunchAtLogin')
    cd /Users/puneeth/Documents/NotchApp/build/SourcePackages/checkouts/LaunchAtLogin-Modern
    write-file /Users/puneeth/Documents/NotchApp/build/Build/Intermediates.noindex/LaunchAtLogin.build/Release/LaunchAtLogin.build/LaunchAtLogin.DependencyMetadataFileList

WriteAuxiliaryFile /Users/puneeth/Documents/NotchApp/build/Build/Intermediates.noindex/LaunchAtLogin.build/Release/LaunchAtLogin.build/LaunchAtLogin.modulemap (in target 'LaunchAtLogin' from project 'LaunchAtLogin')
    cd /Users/puneeth/Documents/NotchApp/build/SourcePackages/checkouts/LaunchAtLogin-Modern
    write-file /Users/puneeth/Documents/NotchApp/build/Build/Intermediates.noindex/LaunchAtLogin.build/Release/LaunchAtLogin.build/LaunchAtLogin.modulemap

WriteAuxiliaryFile /Users/puneeth/Documents/NotchApp/build/Build/Intermediates.noindex/LaunchAtLogin.build/Release/LaunchAtLogin.build/LaunchAtLogin.DependencyStaticMetadataFileList (in target 'LaunchAtLogin' from project 'LaunchAtLogin')
    cd /Users/puneeth/Documents/NotchApp/build/SourcePackages/checkouts/LaunchAtLogin-Modern
    write-file /Users/puneeth/Documents/NotchApp/build/Build/Intermediates.noindex/LaunchAtLogin.build/Release/LaunchAtLogin.build/LaunchAtLogin.DependencyStaticMetadataFileList

WriteAuxiliaryFile /Users/puneeth/Documents/NotchApp/build/Build/Intermediates.noindex/KeyboardShortcuts.build/Release/KeyboardShortcuts.build/KeyboardShortcuts.DependencyStaticMetadataFileList (in target 'KeyboardShortcuts' from project 'KeyboardShortcuts')
    cd /Users/puneeth/Documents/NotchApp/build/SourcePackages/checkouts/KeyboardShortcuts
    write-file /Users/puneeth/Documents/NotchApp/build/Build/Intermediates.noindex/KeyboardShortcuts.build/Release/KeyboardShortcuts.build/KeyboardShortcuts.DependencyStaticMetadataFileList

WriteAuxiliaryFile /Users/puneeth/Documents/NotchApp/build/Build/Intermediates.noindex/KeyboardShortcuts.build/Release/KeyboardShortcuts.build/KeyboardShortcuts.DependencyMetadataFileList (in target 'KeyboardShortcuts' from project 'KeyboardShortcuts')
    cd /Users/puneeth/Documents/NotchApp/build/SourcePackages/checkouts/KeyboardShortcuts
    write-file /Users/puneeth/Documents/NotchApp/build/Build/Intermediates.noindex/KeyboardShortcuts.build/Release/KeyboardShortcuts.build/KeyboardShortcuts.DependencyMetadataFileList

WriteAuxiliaryFile /Users/puneeth/Documents/NotchApp/build/Build/Intermediates.noindex/KeyboardShortcuts.build/Release/KeyboardShortcuts.build/DerivedSources/resource_bundle_accessor.swift (in target 'KeyboardShortcuts' from project 'KeyboardShortcuts')
    cd /Users/puneeth/Documents/NotchApp/build/SourcePackages/checkouts/KeyboardShortcuts
    write-file /Users/puneeth/Documents/NotchApp/build/Build/Intermediates.noindex/KeyboardShortcuts.build/Release/KeyboardShortcuts.build/DerivedSources/resource_bundle_accessor.swift

WriteAuxiliaryFile /Users/puneeth/Documents/NotchApp/build/Build/Intermediates.noindex/Defaults.build/Release/Defaults_Defaults.build/empty-Defaults_Defaults.plist (in target 'Defaults_Defaults' from project 'Defaults')
    cd /Users/puneeth/Documents/NotchApp/build/SourcePackages/checkouts/Defaults
    write-file /Users/puneeth/Documents/NotchApp/build/Build/Intermediates.noindex/Defaults.build/Release/Defaults_Defaults.build/empty-Defaults_Defaults.plist

WriteAuxiliaryFile /Users/puneeth/Documents/NotchApp/build/Build/Intermediates.noindex/Defaults.build/Release/Defaults_Defaults.build/Defaults_Defaults.DependencyStaticMetadataFileList (in target 'Defaults_Defaults' from project 'Defaults')
    cd /Users/puneeth/Documents/NotchApp/build/SourcePackages/checkouts/Defaults
    write-file /Users/puneeth/Documents/NotchApp/build/Build/Intermediates.noindex/Defaults.build/Release/Defaults_Defaults.build/Defaults_Defaults.DependencyStaticMetadataFileList

WriteAuxiliaryFile /Users/puneeth/Documents/NotchApp/build/Build/Intermediates.noindex/Defaults.build/Release/Defaults_Defaults.build/Defaults_Defaults.DependencyMetadataFileList (in target 'Defaults_Defaults' from project 'Defaults')
    cd /Users/puneeth/Documents/NotchApp/build/SourcePackages/checkouts/Defaults
    write-file /Users/puneeth/Documents/NotchApp/build/Build/Intermediates.noindex/Defaults.build/Release/Defaults_Defaults.build/Defaults_Defaults.DependencyMetadataFileList

WriteAuxiliaryFile /Users/puneeth/Documents/NotchApp/build/Build/Intermediates.noindex/Defaults.build/Release/Defaults.build/Objects-normal/arm64/Defaults_const_extract_protocols.json (in target 'Defaults' from project 'Defaults')
    cd /Users/puneeth/Documents/NotchApp/build/SourcePackages/checkouts/Defaults
    write-file /Users/puneeth/Documents/NotchApp/build/Build/Intermediates.noindex/Defaults.build/Release/Defaults.build/Objects-normal/arm64/Defaults_const_extract_protocols.json

WriteAuxiliaryFile /Users/puneeth/Documents/NotchApp/build/Build/Intermediates.noindex/Defaults.build/Release/Defaults.build/Objects-normal/arm64/Defaults.SwiftFileList (in target 'Defaults' from project 'Defaults')
    cd /Users/puneeth/Documents/NotchApp/build/SourcePackages/checkouts/Defaults
    write-file /Users/puneeth/Documents/NotchApp/build/Build/Intermediates.noindex/Defaults.build/Release/Defaults.build/Objects-normal/arm64/Defaults.SwiftFileList

WriteAuxiliaryFile /Users/puneeth/Documents/NotchApp/build/Build/Intermediates.noindex/Defaults.build/Release/Defaults.build/Objects-normal/arm64/Defaults.SwiftConstValuesFileList (in target 'Defaults' from project 'Defaults')
    cd /Users/puneeth/Documents/NotchApp/build/SourcePackages/checkouts/Defaults
    write-file /Users/puneeth/Documents/NotchApp/build/Build/Intermediates.noindex/Defaults.build/Release/Defaults.build/Objects-normal/arm64/Defaults.SwiftConstValuesFileList

WriteAuxiliaryFile /Users/puneeth/Documents/NotchApp/build/Build/Intermediates.noindex/Defaults.build/Release/Defaults.build/Objects-normal/arm64/Defaults.LinkFileList (in target 'Defaults' from project 'Defaults')
    cd /Users/puneeth/Documents/NotchApp/build/SourcePackages/checkouts/Defaults
    write-file /Users/puneeth/Documents/NotchApp/build/Build/Intermediates.noindex/Defaults.build/Release/Defaults.build/Objects-normal/arm64/Defaults.LinkFileList

WriteAuxiliaryFile /Users/puneeth/Documents/NotchApp/build/Build/Intermediates.noindex/Defaults.build/Release/Defaults.build/Objects-normal/arm64/Defaults-OutputFileMap.json (in target 'Defaults' from project 'Defaults')
    cd /Users/puneeth/Documents/NotchApp/build/SourcePackages/checkouts/Defaults
    write-file /Users/puneeth/Documents/NotchApp/build/Build/Intermediates.noindex/Defaults.build/Release/Defaults.build/Objects-normal/arm64/Defaults-OutputFileMap.json

WriteAuxiliaryFile /Users/puneeth/Documents/NotchApp/build/Build/Intermediates.noindex/Defaults.build/Release/Defaults.build/DerivedSources/resource_bundle_accessor.swift (in target 'Defaults' from project 'Defaults')
    cd /Users/puneeth/Documents/NotchApp/build/SourcePackages/checkouts/Defaults
    write-file /Users/puneeth/Documents/NotchApp/build/Build/Intermediates.noindex/Defaults.build/Release/Defaults.build/DerivedSources/resource_bundle_accessor.swift

WriteAuxiliaryFile /Users/puneeth/Documents/NotchApp/build/Build/Intermediates.noindex/Defaults.build/Release/Defaults.build/Defaults.modulemap (in target 'Defaults' from project 'Defaults')
    cd /Users/puneeth/Documents/NotchApp/build/SourcePackages/checkouts/Defaults
    write-file /Users/puneeth/Documents/NotchApp/build/Build/Intermediates.noindex/Defaults.build/Release/Defaults.build/Defaults.modulemap

WriteAuxiliaryFile /Users/puneeth/Documents/NotchApp/build/Build/Intermediates.noindex/Defaults.build/Release/Defaults.build/Defaults.DependencyStaticMetadataFileList (in target 'Defaults' from project 'Defaults')
    cd /Users/puneeth/Documents/NotchApp/build/SourcePackages/checkouts/Defaults
    write-file /Users/puneeth/Documents/NotchApp/build/Build/Intermediates.noindex/Defaults.build/Release/Defaults.build/Defaults.DependencyStaticMetadataFileList

WriteAuxiliaryFile /Users/puneeth/Documents/NotchApp/build/Build/Intermediates.noindex/Defaults.build/Release/Defaults.build/Defaults.DependencyMetadataFileList (in target 'Defaults' from project 'Defaults')
    cd /Users/puneeth/Documents/NotchApp/build/SourcePackages/checkouts/Defaults
    write-file /Users/puneeth/Documents/NotchApp/build/Build/Intermediates.noindex/Defaults.build/Release/Defaults.build/Defaults.DependencyMetadataFileList

MkDir /Users/puneeth/Documents/NotchApp/build/Build/Products/Release/KeyboardShortcuts_KeyboardShortcuts.bundle/Contents/Resources (in target 'KeyboardShortcuts_KeyboardShortcuts' from project 'KeyboardShortcuts')
    cd /Users/puneeth/Documents/NotchApp/build/SourcePackages/checkouts/KeyboardShortcuts
    /bin/mkdir -p /Users/puneeth/Documents/NotchApp/build/Build/Products/Release/KeyboardShortcuts_KeyboardShortcuts.bundle/Contents/Resources

MkDir /Users/puneeth/Documents/NotchApp/build/Build/Products/Release/KeyboardShortcuts_KeyboardShortcuts.bundle/Contents (in target 'KeyboardShortcuts_KeyboardShortcuts' from project 'KeyboardShortcuts')
    cd /Users/puneeth/Documents/NotchApp/build/SourcePackages/checkouts/KeyboardShortcuts
    /bin/mkdir -p /Users/puneeth/Documents/NotchApp/build/Build/Products/Release/KeyboardShortcuts_KeyboardShortcuts.bundle/Contents

MkDir /Users/puneeth/Documents/NotchApp/build/Build/Products/Release/KeyboardShortcuts_KeyboardShortcuts.bundle (in target 'KeyboardShortcuts_KeyboardShortcuts' from project 'KeyboardShortcuts')
    cd /Users/puneeth/Documents/NotchApp/build/SourcePackages/checkouts/KeyboardShortcuts
    /bin/mkdir -p /Users/puneeth/Documents/NotchApp/build/Build/Products/Release/KeyboardShortcuts_KeyboardShortcuts.bundle

MkDir /Users/puneeth/Documents/NotchApp/build/Build/Products/Release/Defaults_Defaults.bundle/Contents (in target 'Defaults_Defaults' from project 'Defaults')
    cd /Users/puneeth/Documents/NotchApp/build/SourcePackages/checkouts/Defaults
    /bin/mkdir -p /Users/puneeth/Documents/NotchApp/build/Build/Products/Release/Defaults_Defaults.bundle/Contents

MkDir /Users/puneeth/Documents/NotchApp/build/Build/Products/Release/Defaults_Defaults.bundle/Contents/Resources (in target 'Defaults_Defaults' from project 'Defaults')
    cd /Users/puneeth/Documents/NotchApp/build/SourcePackages/checkouts/Defaults
    /bin/mkdir -p /Users/puneeth/Documents/NotchApp/build/Build/Products/Release/Defaults_Defaults.bundle/Contents/Resources

MkDir /Users/puneeth/Documents/NotchApp/build/Build/Products/Release/Defaults_Defaults.bundle (in target 'Defaults_Defaults' from project 'Defaults')
    cd /Users/puneeth/Documents/NotchApp/build/SourcePackages/checkouts/Defaults
    /bin/mkdir -p /Users/puneeth/Documents/NotchApp/build/Build/Products/Release/Defaults_Defaults.bundle

Copy /Users/puneeth/Documents/NotchApp/build/Build/Intermediates.noindex/GeneratedModuleMaps/KeyboardShortcuts.modulemap /Users/puneeth/Documents/NotchApp/build/Build/Intermediates.noindex/KeyboardShortcuts.build/Release/KeyboardShortcuts.build/KeyboardShortcuts.modulemap (in target 'KeyboardShortcuts' from project 'KeyboardShortcuts')
    cd /Users/puneeth/Documents/NotchApp/build/SourcePackages/checkouts/KeyboardShortcuts
    builtin-copy -exclude .DS_Store -exclude CVS -exclude .svn -exclude .git -exclude .hg -strip-unsigned-binaries -strip-deterministic -strip-tool /Applications/Xcode.app/Contents/Developer/Toolchains/XcodeDefault.xctoolchain/usr/bin/strip -resolve-src-symlinks /Users/puneeth/Documents/NotchApp/build/Build/Intermediates.noindex/KeyboardShortcuts.build/Release/KeyboardShortcuts.build/KeyboardShortcuts.modulemap /Users/puneeth/Documents/NotchApp/build/Build/Intermediates.noindex/GeneratedModuleMaps

Copy /Users/puneeth/Documents/NotchApp/build/Build/Intermediates.noindex/GeneratedModuleMaps/Defaults.modulemap /Users/puneeth/Documents/NotchApp/build/Build/Intermediates.noindex/Defaults.build/Release/Defaults.build/Defaults.modulemap (in target 'Defaults' from project 'Defaults')
    cd /Users/puneeth/Documents/NotchApp/build/SourcePackages/checkouts/Defaults
    builtin-copy -exclude .DS_Store -exclude CVS -exclude .svn -exclude .git -exclude .hg -strip-unsigned-binaries -strip-deterministic -strip-tool /Applications/Xcode.app/Contents/Developer/Toolchains/XcodeDefault.xctoolchain/usr/bin/strip -resolve-src-symlinks /Users/puneeth/Documents/NotchApp/build/Build/Intermediates.noindex/Defaults.build/Release/Defaults.build/Defaults.modulemap /Users/puneeth/Documents/NotchApp/build/Build/Intermediates.noindex/GeneratedModuleMaps

Copy /Users/puneeth/Documents/NotchApp/build/Build/Intermediates.noindex/GeneratedModuleMaps/LaunchAtLogin.modulemap /Users/puneeth/Documents/NotchApp/build/Build/Intermediates.noindex/LaunchAtLogin.build/Release/LaunchAtLogin.build/LaunchAtLogin.modulemap (in target 'LaunchAtLogin' from project 'LaunchAtLogin')
    cd /Users/puneeth/Documents/NotchApp/build/SourcePackages/checkouts/LaunchAtLogin-Modern
    builtin-copy -exclude .DS_Store -exclude CVS -exclude .svn -exclude .git -exclude .hg -strip-unsigned-binaries -strip-deterministic -strip-tool /Applications/Xcode.app/Contents/Developer/Toolchains/XcodeDefault.xctoolchain/usr/bin/strip -resolve-src-symlinks /Users/puneeth/Documents/NotchApp/build/Build/Intermediates.noindex/LaunchAtLogin.build/Release/LaunchAtLogin.build/LaunchAtLogin.modulemap /Users/puneeth/Documents/NotchApp/build/Build/Intermediates.noindex/GeneratedModuleMaps

ProcessInfoPlistFile /Users/puneeth/Documents/NotchApp/build/Build/Products/Release/Defaults_Defaults.bundle/Contents/Info.plist /Users/puneeth/Documents/NotchApp/build/Build/Intermediates.noindex/Defaults.build/Release/Defaults_Defaults.build/empty-Defaults_Defaults.plist (in target 'Defaults_Defaults' from project 'Defaults')
    cd /Users/puneeth/Documents/NotchApp/build/SourcePackages/checkouts/Defaults
    builtin-infoPlistUtility /Users/puneeth/Documents/NotchApp/build/Build/Intermediates.noindex/Defaults.build/Release/Defaults_Defaults.build/empty-Defaults_Defaults.plist -producttype com.apple.product-type.bundle -expandbuildsettings -platform macosx -o /Users/puneeth/Documents/NotchApp/build/Build/Products/Release/Defaults_Defaults.bundle/Contents/Info.plist

CpResource /Users/puneeth/Documents/NotchApp/build/Build/Products/Release/Defaults_Defaults.bundle/Contents/Resources/PrivacyInfo.xcprivacy /Users/puneeth/Documents/NotchApp/build/SourcePackages/checkouts/Defaults/Sources/Defaults/PrivacyInfo.xcprivacy (in target 'Defaults_Defaults' from project 'Defaults')
    cd /Users/puneeth/Documents/NotchApp/build/SourcePackages/checkouts/Defaults
    builtin-copy -exclude .DS_Store -exclude CVS -exclude .svn -exclude .git -exclude .hg -strip-unsigned-binaries -strip-deterministic -strip-tool /Applications/Xcode.app/Contents/Developer/Toolchains/XcodeDefault.xctoolchain/usr/bin/strip -resolve-src-symlinks /Users/puneeth/Documents/NotchApp/build/SourcePackages/checkouts/Defaults/Sources/Defaults/PrivacyInfo.xcprivacy /Users/puneeth/Documents/NotchApp/build/Build/Products/Release/Defaults_Defaults.bundle/Contents/Resources

ProcessInfoPlistFile /Users/puneeth/Documents/NotchApp/build/Build/Products/Release/KeyboardShortcuts_KeyboardShortcuts.bundle/Contents/Info.plist /Users/puneeth/Documents/NotchApp/build/Build/Intermediates.noindex/KeyboardShortcuts.build/Release/KeyboardShortcuts_KeyboardShortcuts.build/empty-KeyboardShortcuts_KeyboardShortcuts.plist (in target 'KeyboardShortcuts_KeyboardShortcuts' from project 'KeyboardShortcuts')
    cd /Users/puneeth/Documents/NotchApp/build/SourcePackages/checkouts/KeyboardShortcuts
    builtin-infoPlistUtility /Users/puneeth/Documents/NotchApp/build/Build/Intermediates.noindex/KeyboardShortcuts.build/Release/KeyboardShortcuts_KeyboardShortcuts.build/empty-KeyboardShortcuts_KeyboardShortcuts.plist -producttype com.apple.product-type.bundle -expandbuildsettings -platform macosx -o /Users/puneeth/Documents/NotchApp/build/Build/Products/Release/KeyboardShortcuts_KeyboardShortcuts.bundle/Contents/Info.plist

CpResource /Users/puneeth/Documents/NotchApp/build/Build/Products/Release/KeyboardShortcuts_KeyboardShortcuts.bundle/Contents/Resources/zh-Hans.lproj/Localizable.strings /Users/puneeth/Documents/NotchApp/build/SourcePackages/checkouts/KeyboardShortcuts/Sources/KeyboardShortcuts/Localization/zh-Hans.lproj/Localizable.strings (in target 'KeyboardShortcuts_KeyboardShortcuts' from project 'KeyboardShortcuts')
    cd /Users/puneeth/Documents/NotchApp/build/SourcePackages/checkouts/KeyboardShortcuts
    builtin-copy -exclude .DS_Store -exclude CVS -exclude .svn -exclude .git -exclude .hg -strip-unsigned-binaries -strip-deterministic -strip-tool /Applications/Xcode.app/Contents/Developer/Toolchains/XcodeDefault.xctoolchain/usr/bin/strip -resolve-src-symlinks /Users/puneeth/Documents/NotchApp/build/SourcePackages/checkouts/KeyboardShortcuts/Sources/KeyboardShortcuts/Localization/zh-Hans.lproj/Localizable.strings /Users/puneeth/Documents/NotchApp/build/Build/Products/Release/KeyboardShortcuts_KeyboardShortcuts.bundle/Contents/Resources/zh-Hans.lproj

CpResource /Users/puneeth/Documents/NotchApp/build/Build/Products/Release/KeyboardShortcuts_KeyboardShortcuts.bundle/Contents/Resources/zh-TW.lproj/Localizable.strings /Users/puneeth/Documents/NotchApp/build/SourcePackages/checkouts/KeyboardShortcuts/Sources/KeyboardShortcuts/Localization/zh-TW.lproj/Localizable.strings (in target 'KeyboardShortcuts_KeyboardShortcuts' from project 'KeyboardShortcuts')
    cd /Users/puneeth/Documents/NotchApp/build/SourcePackages/checkouts/KeyboardShortcuts
    builtin-copy -exclude .DS_Store -exclude CVS -exclude .svn -exclude .git -exclude .hg -strip-unsigned-binaries -strip-deterministic -strip-tool /Applications/Xcode.app/Contents/Developer/Toolchains/XcodeDefault.xctoolchain/usr/bin/strip -resolve-src-symlinks /Users/puneeth/Documents/NotchApp/build/SourcePackages/checkouts/KeyboardShortcuts/Sources/KeyboardShortcuts/Localization/zh-TW.lproj/Localizable.strings /Users/puneeth/Documents/NotchApp/build/Build/Products/Release/KeyboardShortcuts_KeyboardShortcuts.bundle/Contents/Resources/zh-TW.lproj

CpResource /Users/puneeth/Documents/NotchApp/build/Build/Products/Release/KeyboardShortcuts_KeyboardShortcuts.bundle/Contents/Resources/sk.lproj/Localizable.strings /Users/puneeth/Documents/NotchApp/build/SourcePackages/checkouts/KeyboardShortcuts/Sources/KeyboardShortcuts/Localization/sk.lproj/Localizable.strings (in target 'KeyboardShortcuts_KeyboardShortcuts' from project 'KeyboardShortcuts')
    cd /Users/puneeth/Documents/NotchApp/build/SourcePackages/checkouts/KeyboardShortcuts
    builtin-copy -exclude .DS_Store -exclude CVS -exclude .svn -exclude .git -exclude .hg -strip-unsigned-binaries -strip-deterministic -strip-tool /Applications/Xcode.app/Contents/Developer/Toolchains/XcodeDefault.xctoolchain/usr/bin/strip -resolve-src-symlinks /Users/puneeth/Documents/NotchApp/build/SourcePackages/checkouts/KeyboardShortcuts/Sources/KeyboardShortcuts/Localization/sk.lproj/Localizable.strings /Users/puneeth/Documents/NotchApp/build/Build/Products/Release/KeyboardShortcuts_KeyboardShortcuts.bundle/Contents/Resources/sk.lproj

CpResource /Users/puneeth/Documents/NotchApp/build/Build/Products/Release/KeyboardShortcuts_KeyboardShortcuts.bundle/Contents/Resources/nl.lproj/Localizable.strings /Users/puneeth/Documents/NotchApp/build/SourcePackages/checkouts/KeyboardShortcuts/Sources/KeyboardShortcuts/Localization/nl.lproj/Localizable.strings (in target 'KeyboardShortcuts_KeyboardShortcuts' from project 'KeyboardShortcuts')
    cd /Users/puneeth/Documents/NotchApp/build/SourcePackages/checkouts/KeyboardShortcuts
    builtin-copy -exclude .DS_Store -exclude CVS -exclude .svn -exclude .git -exclude .hg -strip-unsigned-binaries -strip-deterministic -strip-tool /Applications/Xcode.app/Contents/Developer/Toolchains/XcodeDefault.xctoolchain/usr/bin/strip -resolve-src-symlinks /Users/puneeth/Documents/NotchApp/build/SourcePackages/checkouts/KeyboardShortcuts/Sources/KeyboardShortcuts/Localization/nl.lproj/Localizable.strings /Users/puneeth/Documents/NotchApp/build/Build/Products/Release/KeyboardShortcuts_KeyboardShortcuts.bundle/Contents/Resources/nl.lproj

CpResource /Users/puneeth/Documents/NotchApp/build/Build/Products/Release/KeyboardShortcuts_KeyboardShortcuts.bundle/Contents/Resources/pt-BR.lproj/Localizable.strings /Users/puneeth/Documents/NotchApp/build/SourcePackages/checkouts/KeyboardShortcuts/Sources/KeyboardShortcuts/Localization/pt-BR.lproj/Localizable.strings (in target 'KeyboardShortcuts_KeyboardShortcuts' from project 'KeyboardShortcuts')
    cd /Users/puneeth/Documents/NotchApp/build/SourcePackages/checkouts/KeyboardShortcuts
    builtin-copy -exclude .DS_Store -exclude CVS -exclude .svn -exclude .git -exclude .hg -strip-unsigned-binaries -strip-deterministic -strip-tool /Applications/Xcode.app/Contents/Developer/Toolchains/XcodeDefault.xctoolchain/usr/bin/strip -resolve-src-symlinks /Users/puneeth/Documents/NotchApp/build/SourcePackages/checkouts/KeyboardShortcuts/Sources/KeyboardShortcuts/Localization/pt-BR.lproj/Localizable.strings /Users/puneeth/Documents/NotchApp/build/Build/Products/Release/KeyboardShortcuts_KeyboardShortcuts.bundle/Contents/Resources/pt-BR.lproj

CpResource /Users/puneeth/Documents/NotchApp/build/Build/Products/Release/KeyboardShortcuts_KeyboardShortcuts.bundle/Contents/Resources/ru.lproj/Localizable.strings /Users/puneeth/Documents/NotchApp/build/SourcePackages/checkouts/KeyboardShortcuts/Sources/KeyboardShortcuts/Localization/ru.lproj/Localizable.strings (in target 'KeyboardShortcuts_KeyboardShortcuts' from project 'KeyboardShortcuts')
    cd /Users/puneeth/Documents/NotchApp/build/SourcePackages/checkouts/KeyboardShortcuts
    builtin-copy -exclude .DS_Store -exclude CVS -exclude .svn -exclude .git -exclude .hg -strip-unsigned-binaries -strip-deterministic -strip-tool /Applications/Xcode.app/Contents/Developer/Toolchains/XcodeDefault.xctoolchain/usr/bin/strip -resolve-src-symlinks /Users/puneeth/Documents/NotchApp/build/SourcePackages/checkouts/KeyboardShortcuts/Sources/KeyboardShortcuts/Localization/ru.lproj/Localizable.strings /Users/puneeth/Documents/NotchApp/build/Build/Products/Release/KeyboardShortcuts_KeyboardShortcuts.bundle/Contents/Resources/ru.lproj

CpResource /Users/puneeth/Documents/NotchApp/build/Build/Products/Release/KeyboardShortcuts_KeyboardShortcuts.bundle/Contents/Resources/ko.lproj/Localizable.strings /Users/puneeth/Documents/NotchApp/build/SourcePackages/checkouts/KeyboardShortcuts/Sources/KeyboardShortcuts/Localization/ko.lproj/Localizable.strings (in target 'KeyboardShortcuts_KeyboardShortcuts' from project 'KeyboardShortcuts')
    cd /Users/puneeth/Documents/NotchApp/build/SourcePackages/checkouts/KeyboardShortcuts
    builtin-copy -exclude .DS_Store -exclude CVS -exclude .svn -exclude .git -exclude .hg -strip-unsigned-binaries -strip-deterministic -strip-tool /Applications/Xcode.app/Contents/Developer/Toolchains/XcodeDefault.xctoolchain/usr/bin/strip -resolve-src-symlinks /Users/puneeth/Documents/NotchApp/build/SourcePackages/checkouts/KeyboardShortcuts/Sources/KeyboardShortcuts/Localization/ko.lproj/Localizable.strings /Users/puneeth/Documents/NotchApp/build/Build/Products/Release/KeyboardShortcuts_KeyboardShortcuts.bundle/Contents/Resources/ko.lproj

CpResource /Users/puneeth/Documents/NotchApp/build/Build/Products/Release/KeyboardShortcuts_KeyboardShortcuts.bundle/Contents/Resources/ja.lproj/Localizable.strings /Users/puneeth/Documents/NotchApp/build/SourcePackages/checkouts/KeyboardShortcuts/Sources/KeyboardShortcuts/Localization/ja.lproj/Localizable.strings (in target 'KeyboardShortcuts_KeyboardShortcuts' from project 'KeyboardShortcuts')
    cd /Users/puneeth/Documents/NotchApp/build/SourcePackages/checkouts/KeyboardShortcuts
    builtin-copy -exclude .DS_Store -exclude CVS -exclude .svn -exclude .git -exclude .hg -strip-unsigned-binaries -strip-deterministic -strip-tool /Applications/Xcode.app/Contents/Developer/Toolchains/XcodeDefault.xctoolchain/usr/bin/strip -resolve-src-symlinks /Users/puneeth/Documents/NotchApp/build/SourcePackages/checkouts/KeyboardShortcuts/Sources/KeyboardShortcuts/Localization/ja.lproj/Localizable.strings /Users/puneeth/Documents/NotchApp/build/Build/Products/Release/KeyboardShortcuts_KeyboardShortcuts.bundle/Contents/Resources/ja.lproj

CpResource /Users/puneeth/Documents/NotchApp/build/Build/Products/Release/KeyboardShortcuts_KeyboardShortcuts.bundle/Contents/Resources/it.lproj/Localizable.strings /Users/puneeth/Documents/NotchApp/build/SourcePackages/checkouts/KeyboardShortcuts/Sources/KeyboardShortcuts/Localization/it.lproj/Localizable.strings (in target 'KeyboardShortcuts_KeyboardShortcuts' from project 'KeyboardShortcuts')
    cd /Users/puneeth/Documents/NotchApp/build/SourcePackages/checkouts/KeyboardShortcuts
    builtin-copy -exclude .DS_Store -exclude CVS -exclude .svn -exclude .git -exclude .hg -strip-unsigned-binaries -strip-deterministic -strip-tool /Applications/Xcode.app/Contents/Developer/Toolchains/XcodeDefault.xctoolchain/usr/bin/strip -resolve-src-symlinks /Users/puneeth/Documents/NotchApp/build/SourcePackages/checkouts/KeyboardShortcuts/Sources/KeyboardShortcuts/Localization/it.lproj/Localizable.strings /Users/puneeth/Documents/NotchApp/build/Build/Products/Release/KeyboardShortcuts_KeyboardShortcuts.bundle/Contents/Resources/it.lproj

CpResource /Users/puneeth/Documents/NotchApp/build/Build/Products/Release/KeyboardShortcuts_KeyboardShortcuts.bundle/Contents/Resources/hu.lproj/Localizable.strings /Users/puneeth/Documents/NotchApp/build/SourcePackages/checkouts/KeyboardShortcuts/Sources/KeyboardShortcuts/Localization/hu.lproj/Localizable.strings (in target 'KeyboardShortcuts_KeyboardShortcuts' from project 'KeyboardShortcuts')
    cd /Users/puneeth/Documents/NotchApp/build/SourcePackages/checkouts/KeyboardShortcuts
    builtin-copy -exclude .DS_Store -exclude CVS -exclude .svn -exclude .git -exclude .hg -strip-unsigned-binaries -strip-deterministic -strip-tool /Applications/Xcode.app/Contents/Developer/Toolchains/XcodeDefault.xctoolchain/usr/bin/strip -resolve-src-symlinks /Users/puneeth/Documents/NotchApp/build/SourcePackages/checkouts/KeyboardShortcuts/Sources/KeyboardShortcuts/Localization/hu.lproj/Localizable.strings /Users/puneeth/Documents/NotchApp/build/Build/Products/Release/KeyboardShortcuts_KeyboardShortcuts.bundle/Contents/Resources/hu.lproj

CpResource /Users/puneeth/Documents/NotchApp/build/Build/Products/Release/KeyboardShortcuts_KeyboardShortcuts.bundle/Contents/Resources/fr.lproj/Localizable.strings /Users/puneeth/Documents/NotchApp/build/SourcePackages/checkouts/KeyboardShortcuts/Sources/KeyboardShortcuts/Localization/fr.lproj/Localizable.strings (in target 'KeyboardShortcuts_KeyboardShortcuts' from project 'KeyboardShortcuts')
    cd /Users/puneeth/Documents/NotchApp/build/SourcePackages/checkouts/KeyboardShortcuts
    builtin-copy -exclude .DS_Store -exclude CVS -exclude .svn -exclude .git -exclude .hg -strip-unsigned-binaries -strip-deterministic -strip-tool /Applications/Xcode.app/Contents/Developer/Toolchains/XcodeDefault.xctoolchain/usr/bin/strip -resolve-src-symlinks /Users/puneeth/Documents/NotchApp/build/SourcePackages/checkouts/KeyboardShortcuts/Sources/KeyboardShortcuts/Localization/fr.lproj/Localizable.strings /Users/puneeth/Documents/NotchApp/build/Build/Products/Release/KeyboardShortcuts_KeyboardShortcuts.bundle/Contents/Resources/fr.lproj

CpResource /Users/puneeth/Documents/NotchApp/build/Build/Products/Release/KeyboardShortcuts_KeyboardShortcuts.bundle/Contents/Resources/en.lproj/Localizable.strings /Users/puneeth/Documents/NotchApp/build/SourcePackages/checkouts/KeyboardShortcuts/Sources/KeyboardShortcuts/Localization/en.lproj/Localizable.strings (in target 'KeyboardShortcuts_KeyboardShortcuts' from project 'KeyboardShortcuts')
    cd /Users/puneeth/Documents/NotchApp/build/SourcePackages/checkouts/KeyboardShortcuts
    builtin-copy -exclude .DS_Store -exclude CVS -exclude .svn -exclude .git -exclude .hg -strip-unsigned-binaries -strip-deterministic -strip-tool /Applications/Xcode.app/Contents/Developer/Toolchains/XcodeDefault.xctoolchain/usr/bin/strip -resolve-src-symlinks /Users/puneeth/Documents/NotchApp/build/SourcePackages/checkouts/KeyboardShortcuts/Sources/KeyboardShortcuts/Localization/en.lproj/Localizable.strings /Users/puneeth/Documents/NotchApp/build/Build/Products/Release/KeyboardShortcuts_KeyboardShortcuts.bundle/Contents/Resources/en.lproj

CpResource /Users/puneeth/Documents/NotchApp/build/Build/Products/Release/KeyboardShortcuts_KeyboardShortcuts.bundle/Contents/Resources/es.lproj/Localizable.strings /Users/puneeth/Documents/NotchApp/build/SourcePackages/checkouts/KeyboardShortcuts/Sources/KeyboardShortcuts/Localization/es.lproj/Localizable.strings (in target 'KeyboardShortcuts_KeyboardShortcuts' from project 'KeyboardShortcuts')
    cd /Users/puneeth/Documents/NotchApp/build/SourcePackages/checkouts/KeyboardShortcuts
    builtin-copy -exclude .DS_Store -exclude CVS -exclude .svn -exclude .git -exclude .hg -strip-unsigned-binaries -strip-deterministic -strip-tool /Applications/Xcode.app/Contents/Developer/Toolchains/XcodeDefault.xctoolchain/usr/bin/strip -resolve-src-symlinks /Users/puneeth/Documents/NotchApp/build/SourcePackages/checkouts/KeyboardShortcuts/Sources/KeyboardShortcuts/Localization/es.lproj/Localizable.strings /Users/puneeth/Documents/NotchApp/build/Build/Products/Release/KeyboardShortcuts_KeyboardShortcuts.bundle/Contents/Resources/es.lproj

CpResource /Users/puneeth/Documents/NotchApp/build/Build/Products/Release/KeyboardShortcuts_KeyboardShortcuts.bundle/Contents/Resources/de.lproj/Localizable.strings /Users/puneeth/Documents/NotchApp/build/SourcePackages/checkouts/KeyboardShortcuts/Sources/KeyboardShortcuts/Localization/de.lproj/Localizable.strings (in target 'KeyboardShortcuts_KeyboardShortcuts' from project 'KeyboardShortcuts')
    cd /Users/puneeth/Documents/NotchApp/build/SourcePackages/checkouts/KeyboardShortcuts
    builtin-copy -exclude .DS_Store -exclude CVS -exclude .svn -exclude .git -exclude .hg -strip-unsigned-binaries -strip-deterministic -strip-tool /Applications/Xcode.app/Contents/Developer/Toolchains/XcodeDefault.xctoolchain/usr/bin/strip -resolve-src-symlinks /Users/puneeth/Documents/NotchApp/build/SourcePackages/checkouts/KeyboardShortcuts/Sources/KeyboardShortcuts/Localization/de.lproj/Localizable.strings /Users/puneeth/Documents/NotchApp/build/Build/Products/Release/KeyboardShortcuts_KeyboardShortcuts.bundle/Contents/Resources/de.lproj

CpResource /Users/puneeth/Documents/NotchApp/build/Build/Products/Release/KeyboardShortcuts_KeyboardShortcuts.bundle/Contents/Resources/cs.lproj/Localizable.strings /Users/puneeth/Documents/NotchApp/build/SourcePackages/checkouts/KeyboardShortcuts/Sources/KeyboardShortcuts/Localization/cs.lproj/Localizable.strings (in target 'KeyboardShortcuts_KeyboardShortcuts' from project 'KeyboardShortcuts')
    cd /Users/puneeth/Documents/NotchApp/build/SourcePackages/checkouts/KeyboardShortcuts
    builtin-copy -exclude .DS_Store -exclude CVS -exclude .svn -exclude .git -exclude .hg -strip-unsigned-binaries -strip-deterministic -strip-tool /Applications/Xcode.app/Contents/Developer/Toolchains/XcodeDefault.xctoolchain/usr/bin/strip -resolve-src-symlinks /Users/puneeth/Documents/NotchApp/build/SourcePackages/checkouts/KeyboardShortcuts/Sources/KeyboardShortcuts/Localization/cs.lproj/Localizable.strings /Users/puneeth/Documents/NotchApp/build/Build/Products/Release/KeyboardShortcuts_KeyboardShortcuts.bundle/Contents/Resources/cs.lproj

CpResource /Users/puneeth/Documents/NotchApp/build/Build/Products/Release/KeyboardShortcuts_KeyboardShortcuts.bundle/Contents/Resources/ar.lproj/Localizable.strings /Users/puneeth/Documents/NotchApp/build/SourcePackages/checkouts/KeyboardShortcuts/Sources/KeyboardShortcuts/Localization/ar.lproj/Localizable.strings (in target 'KeyboardShortcuts_KeyboardShortcuts' from project 'KeyboardShortcuts')
    cd /Users/puneeth/Documents/NotchApp/build/SourcePackages/checkouts/KeyboardShortcuts
    builtin-copy -exclude .DS_Store -exclude CVS -exclude .svn -exclude .git -exclude .hg -strip-unsigned-binaries -strip-deterministic -strip-tool /Applications/Xcode.app/Contents/Developer/Toolchains/XcodeDefault.xctoolchain/usr/bin/strip -resolve-src-symlinks /Users/puneeth/Documents/NotchApp/build/SourcePackages/checkouts/KeyboardShortcuts/Sources/KeyboardShortcuts/Localization/ar.lproj/Localizable.strings /Users/puneeth/Documents/NotchApp/build/Build/Products/Release/KeyboardShortcuts_KeyboardShortcuts.bundle/Contents/Resources/ar.lproj

RegisterExecutionPolicyException /Users/puneeth/Documents/NotchApp/build/Build/Products/Release/KeyboardShortcuts_KeyboardShortcuts.bundle (in target 'KeyboardShortcuts_KeyboardShortcuts' from project 'KeyboardShortcuts')
    cd /Users/puneeth/Documents/NotchApp/build/SourcePackages/checkouts/KeyboardShortcuts
    builtin-RegisterExecutionPolicyException /Users/puneeth/Documents/NotchApp/build/Build/Products/Release/KeyboardShortcuts_KeyboardShortcuts.bundle

RegisterExecutionPolicyException /Users/puneeth/Documents/NotchApp/build/Build/Products/Release/Defaults_Defaults.bundle (in target 'Defaults_Defaults' from project 'Defaults')
    cd /Users/puneeth/Documents/NotchApp/build/SourcePackages/checkouts/Defaults
    builtin-RegisterExecutionPolicyException /Users/puneeth/Documents/NotchApp/build/Build/Products/Release/Defaults_Defaults.bundle

ProcessXCFramework /Users/puneeth/Documents/NotchApp/build/SourcePackages/artifacts/sparkle/Sparkle/Sparkle.xcframework /Users/puneeth/Documents/NotchApp/build/Build/Products/Release/Sparkle.framework macos
    cd /Users/puneeth/Documents/NotchApp/NotchApp.xcodeproj
    builtin-process-xcframework --xcframework /Users/puneeth/Documents/NotchApp/build/SourcePackages/artifacts/sparkle/Sparkle/Sparkle.xcframework --platform macos --target-path /Users/puneeth/Documents/NotchApp/build/Build/Products/Release

Touch /Users/puneeth/Documents/NotchApp/build/Build/Products/Release/Defaults_Defaults.bundle (in target 'Defaults_Defaults' from project 'Defaults')
    cd /Users/puneeth/Documents/NotchApp/build/SourcePackages/checkouts/Defaults
    /usr/bin/touch -c /Users/puneeth/Documents/NotchApp/build/Build/Products/Release/Defaults_Defaults.bundle

Touch /Users/puneeth/Documents/NotchApp/build/Build/Products/Release/KeyboardShortcuts_KeyboardShortcuts.bundle (in target 'KeyboardShortcuts_KeyboardShortcuts' from project 'KeyboardShortcuts')
    cd /Users/puneeth/Documents/NotchApp/build/SourcePackages/checkouts/KeyboardShortcuts
    /usr/bin/touch -c /Users/puneeth/Documents/NotchApp/build/Build/Products/Release/KeyboardShortcuts_KeyboardShortcuts.bundle

WriteAuxiliaryFile /Users/puneeth/Documents/NotchApp/build/Build/Intermediates.noindex/NotchApp.build/Release/NotchApp.build/NotchApp-generated-files.hmap (in target 'NotchApp' from project 'NotchApp')
    cd /Users/puneeth/Documents/NotchApp
    write-file /Users/puneeth/Documents/NotchApp/build/Build/Intermediates.noindex/NotchApp.build/Release/NotchApp.build/NotchApp-generated-files.hmap

WriteAuxiliaryFile /Users/puneeth/Documents/NotchApp/build/Build/Intermediates.noindex/NotchApp.build/Release/NotchApp.build/NotchApp-own-target-headers.hmap (in target 'NotchApp' from project 'NotchApp')
    cd /Users/puneeth/Documents/NotchApp
    write-file /Users/puneeth/Documents/NotchApp/build/Build/Intermediates.noindex/NotchApp.build/Release/NotchApp.build/NotchApp-own-target-headers.hmap

WriteAuxiliaryFile /Users/puneeth/Documents/NotchApp/build/Build/Intermediates.noindex/NotchApp.build/Release/NotchApp.build/NotchApp.hmap (in target 'NotchApp' from project 'NotchApp')
    cd /Users/puneeth/Documents/NotchApp
    write-file /Users/puneeth/Documents/NotchApp/build/Build/Intermediates.noindex/NotchApp.build/Release/NotchApp.build/NotchApp.hmap

WriteAuxiliaryFile /Users/puneeth/Documents/NotchApp/build/Build/Intermediates.noindex/NotchApp.build/Release/NotchApp.build/NotchApp-project-headers.hmap (in target 'NotchApp' from project 'NotchApp')
    cd /Users/puneeth/Documents/NotchApp
    write-file /Users/puneeth/Documents/NotchApp/build/Build/Intermediates.noindex/NotchApp.build/Release/NotchApp.build/NotchApp-project-headers.hmap

WriteAuxiliaryFile /Users/puneeth/Documents/NotchApp/build/Build/Intermediates.noindex/NotchApp.build/Release/NotchApp.build/empty-NotchApp.plist (in target 'NotchApp' from project 'NotchApp')
    cd /Users/puneeth/Documents/NotchApp
    write-file /Users/puneeth/Documents/NotchApp/build/Build/Intermediates.noindex/NotchApp.build/Release/NotchApp.build/empty-NotchApp.plist

WriteAuxiliaryFile /Users/puneeth/Documents/NotchApp/build/Build/Intermediates.noindex/NotchApp.build/Release/NotchApp.build/Objects-normal/arm64/NotchApp-OutputFileMap.json (in target 'NotchApp' from project 'NotchApp')
    cd /Users/puneeth/Documents/NotchApp
    write-file /Users/puneeth/Documents/NotchApp/build/Build/Intermediates.noindex/NotchApp.build/Release/NotchApp.build/Objects-normal/arm64/NotchApp-OutputFileMap.json

WriteAuxiliaryFile /Users/puneeth/Documents/NotchApp/build/Build/Intermediates.noindex/NotchApp.build/Release/NotchApp.build/Objects-normal/arm64/NotchApp_const_extract_protocols.json (in target 'NotchApp' from project 'NotchApp')
    cd /Users/puneeth/Documents/NotchApp
    write-file /Users/puneeth/Documents/NotchApp/build/Build/Intermediates.noindex/NotchApp.build/Release/NotchApp.build/Objects-normal/arm64/NotchApp_const_extract_protocols.json

WriteAuxiliaryFile /Users/puneeth/Documents/NotchApp/build/Build/Intermediates.noindex/NotchApp.build/Release/NotchApp.build/Objects-normal/arm64/NotchApp.LinkFileList (in target 'NotchApp' from project 'NotchApp')
    cd /Users/puneeth/Documents/NotchApp
    write-file /Users/puneeth/Documents/NotchApp/build/Build/Intermediates.noindex/NotchApp.build/Release/NotchApp.build/Objects-normal/arm64/NotchApp.LinkFileList

WriteAuxiliaryFile /Users/puneeth/Documents/NotchApp/build/Build/Intermediates.noindex/NotchApp.build/Release/NotchApp.build/Objects-normal/arm64/NotchApp.SwiftFileList (in target 'NotchApp' from project 'NotchApp')
    cd /Users/puneeth/Documents/NotchApp
    write-file /Users/puneeth/Documents/NotchApp/build/Build/Intermediates.noindex/NotchApp.build/Release/NotchApp.build/Objects-normal/arm64/NotchApp.SwiftFileList

WriteAuxiliaryFile /Users/puneeth/Documents/NotchApp/build/Build/Intermediates.noindex/NotchApp.build/Release/NotchApp.build/Objects-normal/arm64/NotchApp.SwiftConstValuesFileList (in target 'NotchApp' from project 'NotchApp')
    cd /Users/puneeth/Documents/NotchApp
    write-file /Users/puneeth/Documents/NotchApp/build/Build/Intermediates.noindex/NotchApp.build/Release/NotchApp.build/Objects-normal/arm64/NotchApp.SwiftConstValuesFileList

WriteAuxiliaryFile /Users/puneeth/Documents/NotchApp/build/Build/Intermediates.noindex/NotchApp.build/Release/NotchApp.build/NotchApp.DependencyStaticMetadataFileList (in target 'NotchApp' from project 'NotchApp')
    cd /Users/puneeth/Documents/NotchApp
    write-file /Users/puneeth/Documents/NotchApp/build/Build/Intermediates.noindex/NotchApp.build/Release/NotchApp.build/NotchApp.DependencyStaticMetadataFileList

WriteAuxiliaryFile /Users/puneeth/Documents/NotchApp/build/Build/Intermediates.noindex/NotchApp.build/Release/NotchApp.build/NotchApp.DependencyMetadataFileList (in target 'NotchApp' from project 'NotchApp')
    cd /Users/puneeth/Documents/NotchApp
    write-file /Users/puneeth/Documents/NotchApp/build/Build/Intermediates.noindex/NotchApp.build/Release/NotchApp.build/NotchApp.DependencyMetadataFileList

WriteAuxiliaryFile /Users/puneeth/Documents/NotchApp/build/Build/Intermediates.noindex/NotchApp.build/Release/NotchApp.build/NotchApp-all-target-headers.hmap (in target 'NotchApp' from project 'NotchApp')
    cd /Users/puneeth/Documents/NotchApp
    write-file /Users/puneeth/Documents/NotchApp/build/Build/Intermediates.noindex/NotchApp.build/Release/NotchApp.build/NotchApp-all-target-headers.hmap

WriteAuxiliaryFile /Users/puneeth/Documents/NotchApp/build/Build/Intermediates.noindex/NotchApp.build/Release/NotchApp.build/NotchApp-all-non-framework-target-headers.hmap (in target 'NotchApp' from project 'NotchApp')
    cd /Users/puneeth/Documents/NotchApp
    write-file /Users/puneeth/Documents/NotchApp/build/Build/Intermediates.noindex/NotchApp.build/Release/NotchApp.build/NotchApp-all-non-framework-target-headers.hmap

WriteAuxiliaryFile /Users/puneeth/Documents/NotchApp/build/Build/Intermediates.noindex/NotchApp.build/Release/NotchApp.build/DerivedSources/Entitlements.plist (in target 'NotchApp' from project 'NotchApp')
    cd /Users/puneeth/Documents/NotchApp
    write-file /Users/puneeth/Documents/NotchApp/build/Build/Intermediates.noindex/NotchApp.build/Release/NotchApp.build/DerivedSources/Entitlements.plist

MkDir /Users/puneeth/Documents/NotchApp/build/Build/Products/Release/NotchApp.app/Contents/Resources (in target 'NotchApp' from project 'NotchApp')
    cd /Users/puneeth/Documents/NotchApp
    /bin/mkdir -p /Users/puneeth/Documents/NotchApp/build/Build/Products/Release/NotchApp.app/Contents/Resources

MkDir /Users/puneeth/Documents/NotchApp/build/Build/Products/Release/NotchApp.app/Contents/Frameworks (in target 'NotchApp' from project 'NotchApp')
    cd /Users/puneeth/Documents/NotchApp
    /bin/mkdir -p /Users/puneeth/Documents/NotchApp/build/Build/Products/Release/NotchApp.app/Contents/Frameworks

MkDir /Users/puneeth/Documents/NotchApp/build/Build/Products/Release/NotchApp.app/Contents/MacOS (in target 'NotchApp' from project 'NotchApp')
    cd /Users/puneeth/Documents/NotchApp
    /bin/mkdir -p /Users/puneeth/Documents/NotchApp/build/Build/Products/Release/NotchApp.app/Contents/MacOS

MkDir /Users/puneeth/Documents/NotchApp/build/Build/Products/Release/NotchApp.app/Contents (in target 'NotchApp' from project 'NotchApp')
    cd /Users/puneeth/Documents/NotchApp
    /bin/mkdir -p /Users/puneeth/Documents/NotchApp/build/Build/Products/Release/NotchApp.app/Contents

MkDir /Users/puneeth/Documents/NotchApp/build/Build/Products/Release/NotchApp.app (in target 'NotchApp' from project 'NotchApp')
    cd /Users/puneeth/Documents/NotchApp
    /bin/mkdir -p /Users/puneeth/Documents/NotchApp/build/Build/Products/Release/NotchApp.app

SwiftDriver LaunchAtLogin normal arm64 com.apple.xcode.tools.swift.compiler (in target 'LaunchAtLogin' from project 'LaunchAtLogin')
    cd /Users/puneeth/Documents/NotchApp/NotchApp.xcodeproj
    builtin-SwiftDriver -- /Applications/Xcode.app/Contents/Developer/Toolchains/XcodeDefault.xctoolchain/usr/bin/swiftc -module-name LaunchAtLogin -O -whole-module-optimization @/Users/puneeth/Documents/NotchApp/build/Build/Intermediates.noindex/LaunchAtLogin.build/Release/LaunchAtLogin.build/Objects-normal/arm64/LaunchAtLogin.SwiftFileList -DSWIFT_PACKAGE -DSWIFT_MODULE_RESOURCE_BUNDLE_UNAVAILABLE -DXcode -plugin-path /Applications/Xcode.app/Contents/Developer/Toolchains/XcodeDefault.xctoolchain/usr/lib/swift/host/plugins/testing -enable-experimental-feature DebugDescriptionMacro -sdk /Applications/Xcode.app/Contents/Developer/Platforms/MacOSX.platform/Developer/SDKs/MacOSX26.4.sdk -target arm64-apple-macos13.0 -g -module-cache-path /Users/puneeth/Documents/NotchApp/build/ModuleCache.noindex -Xfrontend -serialize-debugging-options -suppress-warnings -swift-version 5 -I /Users/puneeth/Documents/NotchApp/build/Build/Products/Release -Isystem /Applications/Xcode.app/Contents/Developer/Platforms/MacOSX.platform/Developer/usr/lib -F /Users/puneeth/Documents/NotchApp/build/Build/Products/Release -F /Applications/Xcode.app/Contents/Developer/Platforms/MacOSX.platform/Developer/Library/Frameworks -parse-as-library -c -num-threads 10 -Xcc -ivfsstatcache -Xcc /Users/puneeth/Documents/NotchApp/build/SDKStatCaches.noindex/macosx26.4-25E251-30f9ca8789b706f8bd3fc906a70d770f.sdkstatcache -output-file-map /Users/puneeth/Documents/NotchApp/build/Build/Intermediates.noindex/LaunchAtLogin.build/Release/LaunchAtLogin.build/Objects-normal/arm64/LaunchAtLogin-OutputFileMap.json -use-frontend-parseable-output -save-temps -no-color-diagnostics -explicit-module-build -module-cache-path /Users/puneeth/Documents/NotchApp/build/Build/Intermediates.noindex/SwiftExplicitPrecompiledModules -clang-scanner-module-cache-path /Users/puneeth/Documents/NotchApp/build/ModuleCache.noindex -sdk-module-cache-path /Users/puneeth/Documents/NotchApp/build/ModuleCache.noindex -serialize-diagnostics -emit-dependencies -emit-module -emit-module-path /Users/puneeth/Documents/NotchApp/build/Build/Intermediates.noindex/LaunchAtLogin.build/Release/LaunchAtLogin.build/Objects-normal/arm64/LaunchAtLogin.swiftmodule -validate-clang-modules-once -clang-build-session-file /Users/puneeth/Documents/NotchApp/build/ModuleCache.noindex/Session.modulevalidation -package-name launchatlogin_modern -Xcc -I/Users/puneeth/Documents/NotchApp/build/Build/Intermediates.noindex/LaunchAtLogin.build/Release/LaunchAtLogin.build/swift-overrides.hmap -emit-const-values -Xfrontend -const-gather-protocols-file -Xfrontend /Users/puneeth/Documents/NotchApp/build/Build/Intermediates.noindex/LaunchAtLogin.build/Release/LaunchAtLogin.build/Objects-normal/arm64/LaunchAtLogin_const_extract_protocols.json -Xcc -I/Users/puneeth/Documents/NotchApp/build/Build/Products/Release/include -Xcc -I/Users/puneeth/Documents/NotchApp/build/Build/Intermediates.noindex/LaunchAtLogin.build/Release/LaunchAtLogin.build/DerivedSources-normal/arm64 -Xcc -I/Users/puneeth/Documents/NotchApp/build/Build/Intermediates.noindex/LaunchAtLogin.build/Release/LaunchAtLogin.build/DerivedSources/arm64 -Xcc -I/Users/puneeth/Documents/NotchApp/build/Build/Intermediates.noindex/LaunchAtLogin.build/Release/LaunchAtLogin.build/DerivedSources -Xcc -DSWIFT_PACKAGE -emit-objc-header -emit-objc-header-path /Users/puneeth/Documents/NotchApp/build/Build/Intermediates.noindex/LaunchAtLogin.build/Release/LaunchAtLogin.build/Objects-normal/arm64/LaunchAtLogin-Swift.h -working-directory /Users/puneeth/Documents/NotchApp/NotchApp.xcodeproj -no-emit-module-separately-wmo

SwiftDriver KeyboardShortcuts normal arm64 com.apple.xcode.tools.swift.compiler (in target 'KeyboardShortcuts' from project 'KeyboardShortcuts')
    cd /Users/puneeth/Documents/NotchApp/NotchApp.xcodeproj
    builtin-SwiftDriver -- /Applications/Xcode.app/Contents/Developer/Toolchains/XcodeDefault.xctoolchain/usr/bin/swiftc -module-name KeyboardShortcuts -O -whole-module-optimization @/Users/puneeth/Documents/NotchApp/build/Build/Intermediates.noindex/KeyboardShortcuts.build/Release/KeyboardShortcuts.build/Objects-normal/arm64/KeyboardShortcuts.SwiftFileList -DSWIFT_PACKAGE -DSWIFT_MODULE_RESOURCE_BUNDLE_AVAILABLE -DXcode -plugin-path /Applications/Xcode.app/Contents/Developer/Toolchains/XcodeDefault.xctoolchain/usr/lib/swift/host/plugins/testing -enable-experimental-feature DebugDescriptionMacro -sdk /Applications/Xcode.app/Contents/Developer/Platforms/MacOSX.platform/Developer/SDKs/MacOSX26.4.sdk -target arm64-apple-macos10.15 -g -module-cache-path /Users/puneeth/Documents/NotchApp/build/ModuleCache.noindex -Xfrontend -serialize-debugging-options -suppress-warnings -swift-version 5 -I /Users/puneeth/Documents/NotchApp/build/Build/Products/Release -Isystem /Applications/Xcode.app/Contents/Developer/Platforms/MacOSX.platform/Developer/usr/lib -F /Users/puneeth/Documents/NotchApp/build/Build/Products/Release -F /Applications/Xcode.app/Contents/Developer/Platforms/MacOSX.platform/Developer/Library/Frameworks -emit-localized-strings -emit-localized-strings-path /Users/puneeth/Documents/NotchApp/build/Build/Intermediates.noindex/KeyboardShortcuts.build/Release/KeyboardShortcuts.build/Objects-normal/arm64 -c -num-threads 10 -Xcc -ivfsstatcache -Xcc /Users/puneeth/Documents/NotchApp/build/SDKStatCaches.noindex/macosx26.4-25E251-30f9ca8789b706f8bd3fc906a70d770f.sdkstatcache -output-file-map /Users/puneeth/Documents/NotchApp/build/Build/Intermediates.noindex/KeyboardShortcuts.build/Release/KeyboardShortcuts.build/Objects-normal/arm64/KeyboardShortcuts-OutputFileMap.json -use-frontend-parseable-output -save-temps -no-color-diagnostics -explicit-module-build -module-cache-path /Users/puneeth/Documents/NotchApp/build/Build/Intermediates.noindex/SwiftExplicitPrecompiledModules -clang-scanner-module-cache-path /Users/puneeth/Documents/NotchApp/build/ModuleCache.noindex -sdk-module-cache-path /Users/puneeth/Documents/NotchApp/build/ModuleCache.noindex -serialize-diagnostics -emit-dependencies -emit-module -emit-module-path /Users/puneeth/Documents/NotchApp/build/Build/Intermediates.noindex/KeyboardShortcuts.build/Release/KeyboardShortcuts.build/Objects-normal/arm64/KeyboardShortcuts.swiftmodule -user-module-version 2.4.0 -validate-clang-modules-once -clang-build-session-file /Users/puneeth/Documents/NotchApp/build/ModuleCache.noindex/Session.modulevalidation -package-name keyboardshortcuts -Xcc -I/Users/puneeth/Documents/NotchApp/build/Build/Intermediates.noindex/KeyboardShortcuts.build/Release/KeyboardShortcuts.build/swift-overrides.hmap -emit-const-values -Xfrontend -const-gather-protocols-file -Xfrontend /Users/puneeth/Documents/NotchApp/build/Build/Intermediates.noindex/KeyboardShortcuts.build/Release/KeyboardShortcuts.build/Objects-normal/arm64/KeyboardShortcuts_const_extract_protocols.json -Xcc -I/Users/puneeth/Documents/NotchApp/build/Build/Products/Release/include -Xcc -I/Users/puneeth/Documents/NotchApp/build/Build/Intermediates.noindex/KeyboardShortcuts.build/Release/KeyboardShortcuts.build/DerivedSources-normal/arm64 -Xcc -I/Users/puneeth/Documents/NotchApp/build/Build/Intermediates.noindex/KeyboardShortcuts.build/Release/KeyboardShortcuts.build/DerivedSources/arm64 -Xcc -I/Users/puneeth/Documents/NotchApp/build/Build/Intermediates.noindex/KeyboardShortcuts.build/Release/KeyboardShortcuts.build/DerivedSources -Xcc -DSWIFT_PACKAGE -emit-objc-header -emit-objc-header-path /Users/puneeth/Documents/NotchApp/build/Build/Intermediates.noindex/KeyboardShortcuts.build/Release/KeyboardShortcuts.build/Objects-normal/arm64/KeyboardShortcuts-Swift.h -working-directory /Users/puneeth/Documents/NotchApp/NotchApp.xcodeproj -no-emit-module-separately-wmo

SwiftDriver Defaults normal arm64 com.apple.xcode.tools.swift.compiler (in target 'Defaults' from project 'Defaults')
    cd /Users/puneeth/Documents/NotchApp/NotchApp.xcodeproj
    builtin-SwiftDriver -- /Applications/Xcode.app/Contents/Developer/Toolchains/XcodeDefault.xctoolchain/usr/bin/swiftc -module-name Defaults -O -whole-module-optimization @/Users/puneeth/Documents/NotchApp/build/Build/Intermediates.noindex/Defaults.build/Release/Defaults.build/Objects-normal/arm64/Defaults.SwiftFileList -DSWIFT_PACKAGE -DSWIFT_MODULE_RESOURCE_BUNDLE_AVAILABLE -DXcode -plugin-path /Applications/Xcode.app/Contents/Developer/Toolchains/XcodeDefault.xctoolchain/usr/lib/swift/host/plugins/testing -enable-experimental-feature DebugDescriptionMacro -sdk /Applications/Xcode.app/Contents/Developer/Platforms/MacOSX.platform/Developer/SDKs/MacOSX26.4.sdk -target arm64-apple-macos11.0 -g -module-cache-path /Users/puneeth/Documents/NotchApp/build/ModuleCache.noindex -Xfrontend -serialize-debugging-options -suppress-warnings -swift-version 5 -I /Users/puneeth/Documents/NotchApp/build/Build/Products/Release -Isystem /Applications/Xcode.app/Contents/Developer/Platforms/MacOSX.platform/Developer/usr/lib -F /Users/puneeth/Documents/NotchApp/build/Build/Products/Release -F /Applications/Xcode.app/Contents/Developer/Platforms/MacOSX.platform/Developer/Library/Frameworks -c -num-threads 10 -Xcc -ivfsstatcache -Xcc /Users/puneeth/Documents/NotchApp/build/SDKStatCaches.noindex/macosx26.4-25E251-30f9ca8789b706f8bd3fc906a70d770f.sdkstatcache -output-file-map /Users/puneeth/Documents/NotchApp/build/Build/Intermediates.noindex/Defaults.build/Release/Defaults.build/Objects-normal/arm64/Defaults-OutputFileMap.json -use-frontend-parseable-output -save-temps -no-color-diagnostics -explicit-module-build -module-cache-path /Users/puneeth/Documents/NotchApp/build/Build/Intermediates.noindex/SwiftExplicitPrecompiledModules -clang-scanner-module-cache-path /Users/puneeth/Documents/NotchApp/build/ModuleCache.noindex -sdk-module-cache-path /Users/puneeth/Documents/NotchApp/build/ModuleCache.noindex -serialize-diagnostics -emit-dependencies -emit-module -emit-module-path /Users/puneeth/Documents/NotchApp/build/Build/Intermediates.noindex/Defaults.build/Release/Defaults.build/Objects-normal/arm64/Defaults.swiftmodule -validate-clang-modules-once -clang-build-session-file /Users/puneeth/Documents/NotchApp/build/ModuleCache.noindex/Session.modulevalidation -package-name defaults -Xcc -I/Users/puneeth/Documents/NotchApp/build/Build/Intermediates.noindex/Defaults.build/Release/Defaults.build/swift-overrides.hmap -emit-const-values -Xfrontend -const-gather-protocols-file -Xfrontend /Users/puneeth/Documents/NotchApp/build/Build/Intermediates.noindex/Defaults.build/Release/Defaults.build/Objects-normal/arm64/Defaults_const_extract_protocols.json -Xcc -I/Users/puneeth/Documents/NotchApp/build/Build/Products/Release/include -Xcc -I/Users/puneeth/Documents/NotchApp/build/Build/Intermediates.noindex/Defaults.build/Release/Defaults.build/DerivedSources-normal/arm64 -Xcc -I/Users/puneeth/Documents/NotchApp/build/Build/Intermediates.noindex/Defaults.build/Release/Defaults.build/DerivedSources/arm64 -Xcc -I/Users/puneeth/Documents/NotchApp/build/Build/Intermediates.noindex/Defaults.build/Release/Defaults.build/DerivedSources -Xcc -DSWIFT_PACKAGE -emit-objc-header -emit-objc-header-path /Users/puneeth/Documents/NotchApp/build/Build/Intermediates.noindex/Defaults.build/Release/Defaults.build/Objects-normal/arm64/Defaults-Swift.h -working-directory /Users/puneeth/Documents/NotchApp/NotchApp.xcodeproj -no-emit-module-separately-wmo

SwiftDriver\ Compilation Defaults normal arm64 com.apple.xcode.tools.swift.compiler (in target 'Defaults' from project 'Defaults')
    cd /Users/puneeth/Documents/NotchApp/NotchApp.xcodeproj
    builtin-Swift-Compilation -- /Applications/Xcode.app/Contents/Developer/Toolchains/XcodeDefault.xctoolchain/usr/bin/swiftc -module-name Defaults -O -whole-module-optimization @/Users/puneeth/Documents/NotchApp/build/Build/Intermediates.noindex/Defaults.build/Release/Defaults.build/Objects-normal/arm64/Defaults.SwiftFileList -DSWIFT_PACKAGE -DSWIFT_MODULE_RESOURCE_BUNDLE_AVAILABLE -DXcode -plugin-path /Applications/Xcode.app/Contents/Developer/Toolchains/XcodeDefault.xctoolchain/usr/lib/swift/host/plugins/testing -enable-experimental-feature DebugDescriptionMacro -sdk /Applications/Xcode.app/Contents/Developer/Platforms/MacOSX.platform/Developer/SDKs/MacOSX26.4.sdk -target arm64-apple-macos11.0 -g -module-cache-path /Users/puneeth/Documents/NotchApp/build/ModuleCache.noindex -Xfrontend -serialize-debugging-options -suppress-warnings -swift-version 5 -I /Users/puneeth/Documents/NotchApp/build/Build/Products/Release -Isystem /Applications/Xcode.app/Contents/Developer/Platforms/MacOSX.platform/Developer/usr/lib -F /Users/puneeth/Documents/NotchApp/build/Build/Products/Release -F /Applications/Xcode.app/Contents/Developer/Platforms/MacOSX.platform/Developer/Library/Frameworks -c -num-threads 10 -Xcc -ivfsstatcache -Xcc /Users/puneeth/Documents/NotchApp/build/SDKStatCaches.noindex/macosx26.4-25E251-30f9ca8789b706f8bd3fc906a70d770f.sdkstatcache -output-file-map /Users/puneeth/Documents/NotchApp/build/Build/Intermediates.noindex/Defaults.build/Release/Defaults.build/Objects-normal/arm64/Defaults-OutputFileMap.json -use-frontend-parseable-output -save-temps -no-color-diagnostics -explicit-module-build -module-cache-path /Users/puneeth/Documents/NotchApp/build/Build/Intermediates.noindex/SwiftExplicitPrecompiledModules -clang-scanner-module-cache-path /Users/puneeth/Documents/NotchApp/build/ModuleCache.noindex -sdk-module-cache-path /Users/puneeth/Documents/NotchApp/build/ModuleCache.noindex -serialize-diagnostics -emit-dependencies -emit-module -emit-module-path /Users/puneeth/Documents/NotchApp/build/Build/Intermediates.noindex/Defaults.build/Release/Defaults.build/Objects-normal/arm64/Defaults.swiftmodule -validate-clang-modules-once -clang-build-session-file /Users/puneeth/Documents/NotchApp/build/ModuleCache.noindex/Session.modulevalidation -package-name defaults -Xcc -I/Users/puneeth/Documents/NotchApp/build/Build/Intermediates.noindex/Defaults.build/Release/Defaults.build/swift-overrides.hmap -emit-const-values -Xfrontend -const-gather-protocols-file -Xfrontend /Users/puneeth/Documents/NotchApp/build/Build/Intermediates.noindex/Defaults.build/Release/Defaults.build/Objects-normal/arm64/Defaults_const_extract_protocols.json -Xcc -I/Users/puneeth/Documents/NotchApp/build/Build/Products/Release/include -Xcc -I/Users/puneeth/Documents/NotchApp/build/Build/Intermediates.noindex/Defaults.build/Release/Defaults.build/DerivedSources-normal/arm64 -Xcc -I/Users/puneeth/Documents/NotchApp/build/Build/Intermediates.noindex/Defaults.build/Release/Defaults.build/DerivedSources/arm64 -Xcc -I/Users/puneeth/Documents/NotchApp/build/Build/Intermediates.noindex/Defaults.build/Release/Defaults.build/DerivedSources -Xcc -DSWIFT_PACKAGE -emit-objc-header -emit-objc-header-path /Users/puneeth/Documents/NotchApp/build/Build/Intermediates.noindex/Defaults.build/Release/Defaults.build/Objects-normal/arm64/Defaults-Swift.h -working-directory /Users/puneeth/Documents/NotchApp/NotchApp.xcodeproj -no-emit-module-separately-wmo

SwiftCompile normal arm64 Compiling\ resource_bundle_accessor.swift,\ Defaults+AnySerializable.swift,\ Defaults+Bridge.swift,\ Defaults+Extensions.swift,\ Defaults+Protocol.swift,\ Defaults.swift,\ Observation+Combine.swift,\ Observation.swift,\ Reset.swift,\ SwiftUI.swift,\ UserDefaults.swift,\ Utilities.swift /Users/puneeth/Documents/NotchApp/build/Build/Intermediates.noindex/Defaults.build/Release/Defaults.build/DerivedSources/resource_bundle_accessor.swift /Users/puneeth/Documents/NotchApp/build/SourcePackages/checkouts/Defaults/Sources/Defaults/Defaults+AnySerializable.swift /Users/puneeth/Documents/NotchApp/build/SourcePackages/checkouts/Defaults/Sources/Defaults/Defaults+Bridge.swift /Users/puneeth/Documents/NotchApp/build/SourcePackages/checkouts/Defaults/Sources/Defaults/Defaults+Extensions.swift /Users/puneeth/Documents/NotchApp/build/SourcePackages/checkouts/Defaults/Sources/Defaults/Defaults+Protocol.swift /Users/puneeth/Documents/NotchApp/build/SourcePackages/checkouts/Defaults/Sources/Defaults/Defaults.swift /Users/puneeth/Documents/NotchApp/build/SourcePackages/checkouts/Defaults/Sources/Defaults/Observation+Combine.swift /Users/puneeth/Documents/NotchApp/build/SourcePackages/checkouts/Defaults/Sources/Defaults/Observation.swift /Users/puneeth/Documents/NotchApp/build/SourcePackages/checkouts/Defaults/Sources/Defaults/Reset.swift /Users/puneeth/Documents/NotchApp/build/SourcePackages/checkouts/Defaults/Sources/Defaults/SwiftUI.swift /Users/puneeth/Documents/NotchApp/build/SourcePackages/checkouts/Defaults/Sources/Defaults/UserDefaults.swift /Users/puneeth/Documents/NotchApp/build/SourcePackages/checkouts/Defaults/Sources/Defaults/Utilities.swift /Applications/Xcode.app/Contents/Developer/Toolchains/XcodeDefault.xctoolchain/usr/lib/swift/macosx/prebuilt-modules/26.4/_Builtin_float.swiftmodule/arm64e-apple-macos.swiftmodule /Applications/Xcode.app/Contents/Developer/Toolchains/XcodeDefault.xctoolchain/usr/lib/swift/macosx/prebuilt-modules/26.4/IOKit.swiftmodule/arm64e-apple-macos.swiftmodule /Applications/Xcode.app/Contents/Developer/Toolchains/XcodeDefault.xctoolchain/usr/lib/swift/macosx/prebuilt-modules/26.4/_DarwinFoundation3.swiftmodule/arm64e-apple-macos.swiftmodule /Applications/Xcode.app/Contents/Developer/Toolchains/XcodeDefault.xctoolchain/usr/lib/swift/macosx/prebuilt-modules/26.4/Swift.swiftmodule/arm64e-apple-macos.swiftmodule /Applications/Xcode.app/Contents/Developer/Toolchains/XcodeDefault.xctoolchain/usr/lib/swift/macosx/prebuilt-modules/26.4/Foundation.swiftmodule/arm64e-apple-macos.swiftmodule /Applications/Xcode.app/Contents/Developer/Toolchains/XcodeDefault.xctoolchain/usr/lib/swift/macosx/prebuilt-modules/26.4/QuartzCore.swiftmodule/arm64e-apple-macos.swiftmodule /Applications/Xcode.app/Contents/Developer/Toolchains/XcodeDefault.xctoolchain/usr/lib/swift/macosx/prebuilt-modules/26.4/Combine.swiftmodule/arm64e-apple-macos.swiftmodule /Applications/Xcode.app/Contents/Developer/Toolchains/XcodeDefault.xctoolchain/usr/lib/swift/macosx/prebuilt-modules/26.4/SwiftUICore.swiftmodule/arm64e-apple-macos.swiftmodule /Applications/Xcode.app/Contents/Developer/Toolchains/XcodeDefault.xctoolchain/usr/lib/swift/macosx/prebuilt-modules/26.4/CoreImage.swiftmodule/arm64e-apple-macos.swiftmodule /Applications/Xcode.app/Contents/Developer/Toolchains/XcodeDefault.xctoolchain/usr/lib/swift/macosx/prebuilt-modules/26.4/CoreData.swiftmodule/arm64e-apple-macos.swiftmodule /Applications/Xcode.app/Contents/Developer/Toolchains/XcodeDefault.xctoolchain/usr/lib/swift/macosx/prebuilt-modules/26.4/Dispatch.swiftmodule/arm64e-apple-macos.swiftmodule /Applications/Xcode.app/Contents/Developer/Toolchains/XcodeDefault.xctoolchain/usr/lib/swift/macosx/prebuilt-modules/26.4/SwiftUI.swiftmodule/arm64e-apple-macos.swiftmodule /Applications/Xcode.app/Contents/Developer/Toolchains/XcodeDefault.xctoolchain/usr/lib/swift/macosx/prebuilt-modules/26.4/Darwin.swiftmodule/arm64e-apple-macos.swiftmodule /Applications/Xcode.app/Contents/Developer/Toolchains/XcodeDefault.xctoolchain/usr/lib/swift/macosx/prebuilt-modules/26.4/Spatial.swiftmodule/arm64e-apple-macos.swiftmodule /Applications/Xcode.app/Contents/Developer/Toolchains/XcodeDefault.xctoolchain/usr/lib/swift/macosx/prebuilt-modules/26.4/_StringProcessing.swiftmodule/arm64e-apple-macos.swiftmodule /Applications/Xcode.app/Contents/Developer/Toolchains/XcodeDefault.xctoolchain/usr/lib/swift/macosx/prebuilt-modules/26.4/CoreVideo.swiftmodule/arm64e-apple-macos.swiftmodule /Applications/Xcode.app/Contents/Developer/Toolchains/XcodeDefault.xctoolchain/usr/lib/swift/macosx/prebuilt-modules/26.4/UniformTypeIdentifiers.swiftmodule/arm64e-apple-macos.swiftmodule /Applications/Xcode.app/Contents/Developer/Toolchains/XcodeDefault.xctoolchain/usr/lib/swift/macosx/prebuilt-modules/26.4/_DarwinFoundation1.swiftmodule/arm64e-apple-macos.swiftmodule /Applications/Xcode.app/Contents/Developer/Toolchains/XcodeDefault.xctoolchain/usr/lib/swift/macosx/prebuilt-modules/26.4/simd.swiftmodule/arm64e-apple-macos.swiftmodule /Applications/Xcode.app/Contents/Developer/Toolchains/XcodeDefault.xctoolchain/usr/lib/swift/macosx/prebuilt-modules/26.4/AppKit.swiftmodule/arm64e-apple-macos.swiftmodule /Applications/Xcode.app/Contents/Developer/Toolchains/XcodeDefault.xctoolchain/usr/lib/swift/macosx/prebuilt-modules/26.4/_Concurrency.swiftmodule/arm64e-apple-macos.swiftmodule /Applications/Xcode.app/Contents/Developer/Toolchains/XcodeDefault.xctoolchain/usr/lib/swift/macosx/prebuilt-modules/26.4/System.swiftmodule/arm64e-apple-macos.swiftmodule /Applications/Xcode.app/Contents/Developer/Toolchains/XcodeDefault.xctoolchain/usr/lib/swift/macosx/prebuilt-modules/26.4/OSLog.swiftmodule/arm64e-apple-macos.swiftmodule /Applications/Xcode.app/Contents/Developer/Toolchains/XcodeDefault.xctoolchain/usr/lib/swift/macosx/prebuilt-modules/26.4/CoreGraphics.swiftmodule/arm64e-apple-macos.swiftmodule /Applications/Xcode.app/Contents/Developer/Toolchains/XcodeDefault.xctoolchain/usr/lib/swift/macosx/prebuilt-modules/26.4/os.swiftmodule/arm64e-apple-macos.swiftmodule /Applications/Xcode.app/Contents/Developer/Toolchains/XcodeDefault.xctoolchain/usr/lib/swift/macosx/prebuilt-modules/26.4/CoreText.swiftmodule/arm64e-apple-macos.swiftmodule /Applications/Xcode.app/Contents/Developer/Toolchains/XcodeDefault.xctoolchain/usr/lib/swift/macosx/prebuilt-modules/26.4/DataDetection.swiftmodule/arm64e-apple-macos.swiftmodule /Applications/Xcode.app/Contents/Developer/Toolchains/XcodeDefault.xctoolchain/usr/lib/swift/macosx/prebuilt-modules/26.4/CoreTransferable.swiftmodule/arm64e-apple-macos.swiftmodule /Applications/Xcode.app/Contents/Developer/Toolchains/XcodeDefault.xctoolchain/usr/lib/swift/macosx/prebuilt-modules/26.4/Observation.swiftmodule/arm64e-apple-macos.swiftmodule /Applications/Xcode.app/Contents/Developer/Toolchains/XcodeDefault.xctoolchain/usr/lib/swift/macosx/prebuilt-modules/26.4/XPC.swiftmodule/arm64e-apple-macos.swiftmodule /Applications/Xcode.app/Contents/Developer/Toolchains/XcodeDefault.xctoolchain/usr/lib/swift/macosx/prebuilt-modules/26.4/Symbols.swiftmodule/arm64e-apple-macos.swiftmodule /Applications/Xcode.app/Contents/Developer/Toolchains/XcodeDefault.xctoolchain/usr/lib/swift/macosx/prebuilt-modules/26.4/Accessibility.swiftmodule/arm64e-apple-macos.swiftmodule /Applications/Xcode.app/Contents/Developer/Toolchains/XcodeDefault.xctoolchain/usr/lib/swift/macosx/prebuilt-modules/26.4/ObjectiveC.swiftmodule/arm64e-apple-macos.swiftmodule /Applications/Xcode.app/Contents/Developer/Toolchains/XcodeDefault.xctoolchain/usr/lib/swift/macosx/prebuilt-modules/26.4/CoreFoundation.swiftmodule/arm64e-apple-macos.swiftmodule /Applications/Xcode.app/Contents/Developer/Toolchains/XcodeDefault.xctoolchain/usr/lib/swift/macosx/prebuilt-modules/26.4/Metal.swiftmodule/arm64e-apple-macos.swiftmodule /Applications/Xcode.app/Contents/Developer/Toolchains/XcodeDefault.xctoolchain/usr/lib/swift/macosx/prebuilt-modules/26.4/DeveloperToolsSupport.swiftmodule/arm64e-apple-macos.swiftmodule /Applications/Xcode.app/Contents/Developer/Toolchains/XcodeDefault.xctoolchain/usr/lib/swift/macosx/prebuilt-modules/26.4/_DarwinFoundation2.swiftmodule/arm64e-apple-macos.swiftmodule /Users/puneeth/Documents/NotchApp/build/ModuleCache.noindex/_Builtin_stdint-3UQ79452RQTBFCEG3B2HJE2YE.pcm /Users/puneeth/Documents/NotchApp/build/ModuleCache.noindex/launch-5FAOVABTWJON2A6B8EVZT61LJ.pcm /Users/puneeth/Documents/NotchApp/build/ModuleCache.noindex/_Builtin_limits-BFYHV0HMJJFHPVIF3MA972Q2.pcm /Users/puneeth/Documents/NotchApp/build/ModuleCache.noindex/Dispatch-5T12RRZ2QU7F65ZG5BLM3BINA.pcm /Users/puneeth/Documents/NotchApp/build/ModuleCache.noindex/_SwiftConcurrencyShims-7Q715HB65NW46Z8DS6PEMSUSK.pcm /Users/puneeth/Documents/NotchApp/build/ModuleCache.noindex/Darwin-DAIX3SZ9TM1PTMXMJWJHC1LZ2.pcm /Users/puneeth/Documents/NotchApp/build/ModuleCache.noindex/DataDetection-5SQFRF95DKHE388D9W0D7GI1Z.pcm /Users/puneeth/Documents/NotchApp/build/ModuleCache.noindex/SwiftUICore-EF7E5A892YQWPF063BYU785A7.pcm /Users/puneeth/Documents/NotchApp/build/ModuleCache.noindex/CoreData-C3UOZ8JFYNIL1GAUX3OHG46B5.pcm /Users/puneeth/Documents/NotchApp/build/ModuleCache.noindex/OSLog-EWVPKAFM3NPBG0KSREO6054L7.pcm /Users/puneeth/Documents/NotchApp/build/ModuleCache.noindex/DeveloperToolsSupport-56KZWEQUNBV97S2GH44E94COP.pcm /Users/puneeth/Documents/NotchApp/build/ModuleCache.noindex/_Builtin_stdatomic-7MGSH2RVLBAR5RWV9PN4BLOV9.pcm /Users/puneeth/Documents/NotchApp/build/ModuleCache.noindex/CoreText-2M37BZ8QAF5YJASQK78LAOEYF.pcm /Users/puneeth/Documents/NotchApp/build/ModuleCache.noindex/CoreGraphics-5FDDY5RH887HT6XUHBLW0QPAY.pcm /Users/puneeth/Documents/NotchApp/build/ModuleCache.noindex/_Builtin_stddef-66E5VBIJMD7100KKYLXN1WBRQ.pcm /Users/puneeth/Documents/NotchApp/build/ModuleCache.noindex/_Builtin_tgmath-C9NLGKV8G1CDJ4OBMT5XQCO3X.pcm /Users/puneeth/Documents/NotchApp/build/ModuleCache.noindex/Foundation-7FHOLB55PNOSY5GGXP5C0BVQW.pcm /Users/puneeth/Documents/NotchApp/build/ModuleCache.noindex/XPC-2TFYJTQ61FG06KSFX43OZBVDY.pcm /Users/puneeth/Documents/NotchApp/build/ModuleCache.noindex/Accessibility-12AXVVPZGIM32ZWAED2YLUP8.pcm /Users/puneeth/Documents/NotchApp/build/ModuleCache.noindex/os_workgroup-3RU8AUVIQED9MFP4CKER2F5NE.pcm /Users/puneeth/Documents/NotchApp/build/ModuleCache.noindex/Spatial-BV14WISAA9RL58C9BGEHEYE4R.pcm /Users/puneeth/Documents/NotchApp/build/ModuleCache.noindex/CoreTransferable-CFYL47ZQXX0UAC46B9VRZOXQ3.pcm /Users/puneeth/Documents/NotchApp/build/ModuleCache.noindex/_Builtin_stdbool-DQI62CIPV9GHCPEMTH99Z0A5A.pcm /Users/puneeth/Documents/NotchApp/build/ModuleCache.noindex/Metal-9K9PG1JC4EJLM7VJW9CBDGJIG.pcm /Users/puneeth/Documents/NotchApp/build/ModuleCache.noindex/_DarwinFoundation3-A9H7KSTCY4794IMI8JXK63NK1.pcm /Users/puneeth/Documents/NotchApp/build/ModuleCache.noindex/os-BTLARFIFX2HUWP2A63RV2GOSA.pcm /Users/puneeth/Documents/NotchApp/build/ModuleCache.noindex/CoreServices-D3JC7A23YNGKO7FFDF27UKYBE.pcm /Users/puneeth/Documents/NotchApp/build/ModuleCache.noindex/SwiftShims-5BNU340CL7KE7VBEQP07WPBG.pcm /Users/puneeth/Documents/NotchApp/build/ModuleCache.noindex/_AvailabilityInternal-37048KJQR7C03S8XB8T8DLZVS.pcm /Users/puneeth/Documents/NotchApp/build/ModuleCache.noindex/SwiftUI-A9PGMLMMKI0LXEW8ZYLE0559E.pcm /Users/puneeth/Documents/NotchApp/build/ModuleCache.noindex/sys_types-E0GLBZOX8ODPYU06BFT7VZXXP.pcm /Users/puneeth/Documents/NotchApp/build/ModuleCache.noindex/CoreImage-AT2BQAQ7ZZXZBULB098391YZI.pcm /Users/puneeth/Documents/NotchApp/build/ModuleCache.noindex/_Builtin_intrinsics-8XL6H6ECVGU79TJKOOMIQJ5WK.pcm /Users/puneeth/Documents/NotchApp/build/ModuleCache.noindex/Symbols-EY3DD9Q51NY9XZ5RIDL0Q69MF.pcm /Users/puneeth/Documents/NotchApp/build/ModuleCache.noindex/ImageIO-9TV8Z7QJDOPHZ5J5G4YZRWFNV.pcm /Users/puneeth/Documents/NotchApp/build/ModuleCache.noindex/CFNetwork-3OGDA093S2RAQW4G4R7U59LUC.pcm /Users/puneeth/Documents/NotchApp/build/ModuleCache.noindex/OpenGL-2HC1KSIMEA23OUQ881L3B8QGP.pcm /Users/puneeth/Documents/NotchApp/build/ModuleCache.noindex/_Builtin_stdarg-CCVUSOJ86WRCOGIO7PDVTMWFY.pcm /Users/puneeth/Documents/NotchApp/build/ModuleCache.noindex/ApplicationServices-EML9LUWX6V0TCW6FOW7DN5FP1.pcm /Users/puneeth/Documents/NotchApp/build/ModuleCache.noindex/Security-6P06QPFF0EWLUA4EIJ269UY58.pcm /Users/puneeth/Documents/NotchApp/build/ModuleCache.noindex/os_object-1782UE7HOFZUZ3QSDG3XMXG0O.pcm /Users/puneeth/Documents/NotchApp/build/ModuleCache.noindex/libkern-6GUHE514AYZBN5T4JXD747NOW.pcm /Users/puneeth/Documents/NotchApp/build/ModuleCache.noindex/_DarwinFoundation1-7I7DGNXIRTJ0SWPAXXAHEP9BM.pcm /Users/puneeth/Documents/NotchApp/build/ModuleCache.noindex/simd-9KX242KF2MGNGQJFZD5C9ZE9K.pcm /Users/puneeth/Documents/NotchApp/build/ModuleCache.noindex/_Builtin_float-85RCTMT3YLN3F53B7ZKLAIF8T.pcm /Users/puneeth/Documents/NotchApp/build/ModuleCache.noindex/ColorSync-YGK11GUAOJBA1QR8DOJA89XX.pcm /Users/puneeth/Documents/NotchApp/build/ModuleCache.noindex/CoreVideo-D82SIJEMKGLBKTJ4VKTE2A7IJ.pcm /Users/puneeth/Documents/NotchApp/build/ModuleCache.noindex/AppKit-D74FU5KESG2FVCCWR2OXVU2ER.pcm /Users/puneeth/Documents/NotchApp/build/ModuleCache.noindex/libDER-2ZWG47BOKDGT6WVTZQKF3E109.pcm /Users/puneeth/Documents/NotchApp/build/ModuleCache.noindex/QuartzCore-3SFXJ3WNS7W4GNQOH7AQJ3J06.pcm /Users/puneeth/Documents/NotchApp/build/ModuleCache.noindex/ptrauth-2BZSZBU73CY91ZYRGSZ83B3QE.pcm /Users/puneeth/Documents/NotchApp/build/ModuleCache.noindex/IOSurface-6ZL1A6IIHS0KC515RKN3RLHJF.pcm /Users/puneeth/Documents/NotchApp/build/ModuleCache.noindex/CoreFoundation-99GR50FQE6HQIU5RDSK43UFV.pcm /Users/puneeth/Documents/NotchApp/build/ModuleCache.noindex/ptrcheck-F0LQ0UM3MA654QIEP52JX6W8S.pcm /Users/puneeth/Documents/NotchApp/build/ModuleCache.noindex/_Builtin_inttypes-5JLNTEUA6668TN3JZ17N5OE3X.pcm /Users/puneeth/Documents/NotchApp/build/ModuleCache.noindex/UniformTypeIdentifiers-8D93XU1A4DK1XALKVM1M4FL8P.pcm /Users/puneeth/Documents/NotchApp/build/ModuleCache.noindex/DiskArbitration-DD3JANZC6I4PQ59W7RU2JQRPX.pcm /Users/puneeth/Documents/NotchApp/build/ModuleCache.noindex/_DarwinFoundation2-D36LV7A3G7FD3UF708OZO02QN.pcm /Users/puneeth/Documents/NotchApp/build/ModuleCache.noindex/ObjectiveC-3OTA9W75QDT4PN3TARE0WQUU7.pcm /Users/puneeth/Documents/NotchApp/build/ModuleCache.noindex/MachO-C6WPO80UDRB539F6FFKKLBYFN.pcm /Users/puneeth/Documents/NotchApp/build/ModuleCache.noindex/CUPS-E00F3QCP64NRAV0UIZXXCTRVE.pcm /Users/puneeth/Documents/NotchApp/build/ModuleCache.noindex/IOKit-59CLA7N1ORL99VJGAJ1BB8SJL.pcm /Users/puneeth/Documents/NotchApp/build/Build/Intermediates.noindex/Defaults.build/Release/Defaults.build/Objects-normal/arm64/Defaults-dependencies-1.json (in target 'Defaults' from project 'Defaults')

CompileSwift normal arm64 (in target 'Defaults' from project 'Defaults')
    cd /Users/puneeth/Documents/NotchApp/NotchApp.xcodeproj
    

SwiftDriver\ Compilation LaunchAtLogin normal arm64 com.apple.xcode.tools.swift.compiler (in target 'LaunchAtLogin' from project 'LaunchAtLogin')
    cd /Users/puneeth/Documents/NotchApp/NotchApp.xcodeproj
    builtin-Swift-Compilation -- /Applications/Xcode.app/Contents/Developer/Toolchains/XcodeDefault.xctoolchain/usr/bin/swiftc -module-name LaunchAtLogin -O -whole-module-optimization @/Users/puneeth/Documents/NotchApp/build/Build/Intermediates.noindex/LaunchAtLogin.build/Release/LaunchAtLogin.build/Objects-normal/arm64/LaunchAtLogin.SwiftFileList -DSWIFT_PACKAGE -DSWIFT_MODULE_RESOURCE_BUNDLE_UNAVAILABLE -DXcode -plugin-path /Applications/Xcode.app/Contents/Developer/Toolchains/XcodeDefault.xctoolchain/usr/lib/swift/host/plugins/testing -enable-experimental-feature DebugDescriptionMacro -sdk /Applications/Xcode.app/Contents/Developer/Platforms/MacOSX.platform/Developer/SDKs/MacOSX26.4.sdk -target arm64-apple-macos13.0 -g -module-cache-path /Users/puneeth/Documents/NotchApp/build/ModuleCache.noindex -Xfrontend -serialize-debugging-options -suppress-warnings -swift-version 5 -I /Users/puneeth/Documents/NotchApp/build/Build/Products/Release -Isystem /Applications/Xcode.app/Contents/Developer/Platforms/MacOSX.platform/Developer/usr/lib -F /Users/puneeth/Documents/NotchApp/build/Build/Products/Release -F /Applications/Xcode.app/Contents/Developer/Platforms/MacOSX.platform/Developer/Library/Frameworks -parse-as-library -c -num-threads 10 -Xcc -ivfsstatcache -Xcc /Users/puneeth/Documents/NotchApp/build/SDKStatCaches.noindex/macosx26.4-25E251-30f9ca8789b706f8bd3fc906a70d770f.sdkstatcache -output-file-map /Users/puneeth/Documents/NotchApp/build/Build/Intermediates.noindex/LaunchAtLogin.build/Release/LaunchAtLogin.build/Objects-normal/arm64/LaunchAtLogin-OutputFileMap.json -use-frontend-parseable-output -save-temps -no-color-diagnostics -explicit-module-build -module-cache-path /Users/puneeth/Documents/NotchApp/build/Build/Intermediates.noindex/SwiftExplicitPrecompiledModules -clang-scanner-module-cache-path /Users/puneeth/Documents/NotchApp/build/ModuleCache.noindex -sdk-module-cache-path /Users/puneeth/Documents/NotchApp/build/ModuleCache.noindex -serialize-diagnostics -emit-dependencies -emit-module -emit-module-path /Users/puneeth/Documents/NotchApp/build/Build/Intermediates.noindex/LaunchAtLogin.build/Release/LaunchAtLogin.build/Objects-normal/arm64/LaunchAtLogin.swiftmodule -validate-clang-modules-once -clang-build-session-file /Users/puneeth/Documents/NotchApp/build/ModuleCache.noindex/Session.modulevalidation -package-name launchatlogin_modern -Xcc -I/Users/puneeth/Documents/NotchApp/build/Build/Intermediates.noindex/LaunchAtLogin.build/Release/LaunchAtLogin.build/swift-overrides.hmap -emit-const-values -Xfrontend -const-gather-protocols-file -Xfrontend /Users/puneeth/Documents/NotchApp/build/Build/Intermediates.noindex/LaunchAtLogin.build/Release/LaunchAtLogin.build/Objects-normal/arm64/LaunchAtLogin_const_extract_protocols.json -Xcc -I/Users/puneeth/Documents/NotchApp/build/Build/Products/Release/include -Xcc -I/Users/puneeth/Documents/NotchApp/build/Build/Intermediates.noindex/LaunchAtLogin.build/Release/LaunchAtLogin.build/DerivedSources-normal/arm64 -Xcc -I/Users/puneeth/Documents/NotchApp/build/Build/Intermediates.noindex/LaunchAtLogin.build/Release/LaunchAtLogin.build/DerivedSources/arm64 -Xcc -I/Users/puneeth/Documents/NotchApp/build/Build/Intermediates.noindex/LaunchAtLogin.build/Release/LaunchAtLogin.build/DerivedSources -Xcc -DSWIFT_PACKAGE -emit-objc-header -emit-objc-header-path /Users/puneeth/Documents/NotchApp/build/Build/Intermediates.noindex/LaunchAtLogin.build/Release/LaunchAtLogin.build/Objects-normal/arm64/LaunchAtLogin-Swift.h -working-directory /Users/puneeth/Documents/NotchApp/NotchApp.xcodeproj -no-emit-module-separately-wmo

SwiftCompile normal arm64 Compiling\ LaunchAtLogin.swift /Users/puneeth/Documents/NotchApp/build/SourcePackages/checkouts/LaunchAtLogin-Modern/Sources/LaunchAtLogin/LaunchAtLogin.swift /Applications/Xcode.app/Contents/Developer/Toolchains/XcodeDefault.xctoolchain/usr/lib/swift/macosx/prebuilt-modules/26.4/QuartzCore.swiftmodule/arm64e-apple-macos.swiftmodule /Applications/Xcode.app/Contents/Developer/Toolchains/XcodeDefault.xctoolchain/usr/lib/swift/macosx/prebuilt-modules/26.4/os.swiftmodule/arm64e-apple-macos.swiftmodule /Applications/Xcode.app/Contents/Developer/Toolchains/XcodeDefault.xctoolchain/usr/lib/swift/macosx/prebuilt-modules/26.4/CoreData.swiftmodule/arm64e-apple-macos.swiftmodule /Applications/Xcode.app/Contents/Developer/Toolchains/XcodeDefault.xctoolchain/usr/lib/swift/macosx/prebuilt-modules/26.4/System.swiftmodule/arm64e-apple-macos.swiftmodule /Applications/Xcode.app/Contents/Developer/Toolchains/XcodeDefault.xctoolchain/usr/lib/swift/macosx/prebuilt-modules/26.4/DataDetection.swiftmodule/arm64e-apple-macos.swiftmodule /Applications/Xcode.app/Contents/Developer/Toolchains/XcodeDefault.xctoolchain/usr/lib/swift/macosx/prebuilt-modules/26.4/CoreImage.swiftmodule/arm64e-apple-macos.swiftmodule /Applications/Xcode.app/Contents/Developer/Toolchains/XcodeDefault.xctoolchain/usr/lib/swift/macosx/prebuilt-modules/26.4/Foundation.swiftmodule/arm64e-apple-macos.swiftmodule /Applications/Xcode.app/Contents/Developer/Toolchains/XcodeDefault.xctoolchain/usr/lib/swift/macosx/prebuilt-modules/26.4/Dispatch.swiftmodule/arm64e-apple-macos.swiftmodule /Applications/Xcode.app/Contents/Developer/Toolchains/XcodeDefault.xctoolchain/usr/lib/swift/macosx/prebuilt-modules/26.4/CoreGraphics.swiftmodule/arm64e-apple-macos.swiftmodule /Applications/Xcode.app/Contents/Developer/Toolchains/XcodeDefault.xctoolchain/usr/lib/swift/macosx/prebuilt-modules/26.4/SwiftUI.swiftmodule/arm64e-apple-macos.swiftmodule /Applications/Xcode.app/Contents/Developer/Toolchains/XcodeDefault.xctoolchain/usr/lib/swift/macosx/prebuilt-modules/26.4/_DarwinFoundation3.swiftmodule/arm64e-apple-macos.swiftmodule /Applications/Xcode.app/Contents/Developer/Toolchains/XcodeDefault.xctoolchain/usr/lib/swift/macosx/prebuilt-modules/26.4/OSLog.swiftmodule/arm64e-apple-macos.swiftmodule /Applications/Xcode.app/Contents/Developer/Toolchains/XcodeDefault.xctoolchain/usr/lib/swift/macosx/prebuilt-modules/26.4/Observation.swiftmodule/arm64e-apple-macos.swiftmodule /Applications/Xcode.app/Contents/Developer/Toolchains/XcodeDefault.xctoolchain/usr/lib/swift/macosx/prebuilt-modules/26.4/Metal.swiftmodule/arm64e-apple-macos.swiftmodule /Applications/Xcode.app/Contents/Developer/Toolchains/XcodeDefault.xctoolchain/usr/lib/swift/macosx/prebuilt-modules/26.4/CoreVideo.swiftmodule/arm64e-apple-macos.swiftmodule /Applications/Xcode.app/Contents/Developer/Toolchains/XcodeDefault.xctoolchain/usr/lib/swift/macosx/prebuilt-modules/26.4/DeveloperToolsSupport.swiftmodule/arm64e-apple-macos.swiftmodule /Applications/Xcode.app/Contents/Developer/Toolchains/XcodeDefault.xctoolchain/usr/lib/swift/macosx/prebuilt-modules/26.4/IOKit.swiftmodule/arm64e-apple-macos.swiftmodule /Applications/Xcode.app/Contents/Developer/Toolchains/XcodeDefault.xctoolchain/usr/lib/swift/macosx/prebuilt-modules/26.4/SwiftUICore.swiftmodule/arm64e-apple-macos.swiftmodule /Applications/Xcode.app/Contents/Developer/Toolchains/XcodeDefault.xctoolchain/usr/lib/swift/macosx/prebuilt-modules/26.4/Combine.swiftmodule/arm64e-apple-macos.swiftmodule /Applications/Xcode.app/Contents/Developer/Toolchains/XcodeDefault.xctoolchain/usr/lib/swift/macosx/prebuilt-modules/26.4/Darwin.swiftmodule/arm64e-apple-macos.swiftmodule /Applications/Xcode.app/Contents/Developer/Toolchains/XcodeDefault.xctoolchain/usr/lib/swift/macosx/prebuilt-modules/26.4/CoreText.swiftmodule/arm64e-apple-macos.swiftmodule /Applications/Xcode.app/Contents/Developer/Toolchains/XcodeDefault.xctoolchain/usr/lib/swift/macosx/prebuilt-modules/26.4/Spatial.swiftmodule/arm64e-apple-macos.swiftmodule /Applications/Xcode.app/Contents/Developer/Toolchains/XcodeDefault.xctoolchain/usr/lib/swift/macosx/prebuilt-modules/26.4/Swift.swiftmodule/arm64e-apple-macos.swiftmodule /Applications/Xcode.app/Contents/Developer/Toolchains/XcodeDefault.xctoolchain/usr/lib/swift/macosx/prebuilt-modules/26.4/_DarwinFoundation2.swiftmodule/arm64e-apple-macos.swiftmodule /Applications/Xcode.app/Contents/Developer/Toolchains/XcodeDefault.xctoolchain/usr/lib/swift/macosx/prebuilt-modules/26.4/AppKit.swiftmodule/arm64e-apple-macos.swiftmodule /Applications/Xcode.app/Contents/Developer/Toolchains/XcodeDefault.xctoolchain/usr/lib/swift/macosx/prebuilt-modules/26.4/_DarwinFoundation1.swiftmodule/arm64e-apple-macos.swiftmodule /Applications/Xcode.app/Contents/Developer/Toolchains/XcodeDefault.xctoolchain/usr/lib/swift/macosx/prebuilt-modules/26.4/CoreTransferable.swiftmodule/arm64e-apple-macos.swiftmodule /Applications/Xcode.app/Contents/Developer/Toolchains/XcodeDefault.xctoolchain/usr/lib/swift/macosx/prebuilt-modules/26.4/_StringProcessing.swiftmodule/arm64e-apple-macos.swiftmodule /Applications/Xcode.app/Contents/Developer/Toolchains/XcodeDefault.xctoolchain/usr/lib/swift/macosx/prebuilt-modules/26.4/simd.swiftmodule/arm64e-apple-macos.swiftmodule /Applications/Xcode.app/Contents/Developer/Toolchains/XcodeDefault.xctoolchain/usr/lib/swift/macosx/prebuilt-modules/26.4/Symbols.swiftmodule/arm64e-apple-macos.swiftmodule /Applications/Xcode.app/Contents/Developer/Toolchains/XcodeDefault.xctoolchain/usr/lib/swift/macosx/prebuilt-modules/26.4/XPC.swiftmodule/arm64e-apple-macos.swiftmodule /Applications/Xcode.app/Contents/Developer/Toolchains/XcodeDefault.xctoolchain/usr/lib/swift/macosx/prebuilt-modules/26.4/Accessibility.swiftmodule/arm64e-apple-macos.swiftmodule /Applications/Xcode.app/Contents/Developer/Toolchains/XcodeDefault.xctoolchain/usr/lib/swift/macosx/prebuilt-modules/26.4/_Builtin_float.swiftmodule/arm64e-apple-macos.swiftmodule /Applications/Xcode.app/Contents/Developer/Toolchains/XcodeDefault.xctoolchain/usr/lib/swift/macosx/prebuilt-modules/26.4/_Concurrency.swiftmodule/arm64e-apple-macos.swiftmodule /Applications/Xcode.app/Contents/Developer/Toolchains/XcodeDefault.xctoolchain/usr/lib/swift/macosx/prebuilt-modules/26.4/CoreFoundation.swiftmodule/arm64e-apple-macos.swiftmodule /Applications/Xcode.app/Contents/Developer/Toolchains/XcodeDefault.xctoolchain/usr/lib/swift/macosx/prebuilt-modules/26.4/ObjectiveC.swiftmodule/arm64e-apple-macos.swiftmodule /Applications/Xcode.app/Contents/Developer/Toolchains/XcodeDefault.xctoolchain/usr/lib/swift/macosx/prebuilt-modules/26.4/UniformTypeIdentifiers.swiftmodule/arm64e-apple-macos.swiftmodule /Users/puneeth/Documents/NotchApp/build/ModuleCache.noindex/os_object-1782UE7HOFZUZ3QSDG3XMXG0O.pcm /Users/puneeth/Documents/NotchApp/build/ModuleCache.noindex/MachO-C6WPO80UDRB539F6FFKKLBYFN.pcm /Users/puneeth/Documents/NotchApp/build/ModuleCache.noindex/Metal-9K9PG1JC4EJLM7VJW9CBDGJIG.pcm /Users/puneeth/Documents/NotchApp/build/ModuleCache.noindex/_Builtin_stdarg-CCVUSOJ86WRCOGIO7PDVTMWFY.pcm /Users/puneeth/Documents/NotchApp/build/ModuleCache.noindex/ptrauth-2BZSZBU73CY91ZYRGSZ83B3QE.pcm /Users/puneeth/Documents/NotchApp/build/ModuleCache.noindex/_Builtin_stddef-66E5VBIJMD7100KKYLXN1WBRQ.pcm /Users/puneeth/Documents/NotchApp/build/ModuleCache.noindex/CoreVideo-D82SIJEMKGLBKTJ4VKTE2A7IJ.pcm /Users/puneeth/Documents/NotchApp/build/ModuleCache.noindex/_Builtin_intrinsics-8XL6H6ECVGU79TJKOOMIQJ5WK.pcm /Users/puneeth/Documents/NotchApp/build/ModuleCache.noindex/Dispatch-5T12RRZ2QU7F65ZG5BLM3BINA.pcm /Users/puneeth/Documents/NotchApp/build/ModuleCache.noindex/_SwiftConcurrencyShims-7Q715HB65NW46Z8DS6PEMSUSK.pcm /Users/puneeth/Documents/NotchApp/build/ModuleCache.noindex/_Builtin_tgmath-C9NLGKV8G1CDJ4OBMT5XQCO3X.pcm /Users/puneeth/Documents/NotchApp/build/ModuleCache.noindex/Symbols-EY3DD9Q51NY9XZ5RIDL0Q69MF.pcm /Users/puneeth/Documents/NotchApp/build/ModuleCache.noindex/_Builtin_limits-BFYHV0HMJJFHPVIF3MA972Q2.pcm /Users/puneeth/Documents/NotchApp/build/ModuleCache.noindex/Security-6P06QPFF0EWLUA4EIJ269UY58.pcm /Users/puneeth/Documents/NotchApp/build/ModuleCache.noindex/OpenGL-2HC1KSIMEA23OUQ881L3B8QGP.pcm /Users/puneeth/Documents/NotchApp/build/ModuleCache.noindex/ServiceManagement-E1U5V75I76DNLXPKPI9LB6DJN.pcm /Users/puneeth/Documents/NotchApp/build/ModuleCache.noindex/os_workgroup-3RU8AUVIQED9MFP4CKER2F5NE.pcm /Users/puneeth/Documents/NotchApp/build/ModuleCache.noindex/OSLog-EWVPKAFM3NPBG0KSREO6054L7.pcm /Users/puneeth/Documents/NotchApp/build/ModuleCache.noindex/ColorSync-YGK11GUAOJBA1QR8DOJA89XX.pcm /Users/puneeth/Documents/NotchApp/build/ModuleCache.noindex/_Builtin_stdbool-DQI62CIPV9GHCPEMTH99Z0A5A.pcm /Users/puneeth/Documents/NotchApp/build/ModuleCache.noindex/QuartzCore-3SFXJ3WNS7W4GNQOH7AQJ3J06.pcm /Users/puneeth/Documents/NotchApp/build/ModuleCache.noindex/Foundation-7FHOLB55PNOSY5GGXP5C0BVQW.pcm /Users/puneeth/Documents/NotchApp/build/ModuleCache.noindex/_DarwinFoundation1-7I7DGNXIRTJ0SWPAXXAHEP9BM.pcm /Users/puneeth/Documents/NotchApp/build/ModuleCache.noindex/ptrcheck-F0LQ0UM3MA654QIEP52JX6W8S.pcm /Users/puneeth/Documents/NotchApp/build/ModuleCache.noindex/ImageIO-9TV8Z7QJDOPHZ5J5G4YZRWFNV.pcm /Users/puneeth/Documents/NotchApp/build/ModuleCache.noindex/UniformTypeIdentifiers-8D93XU1A4DK1XALKVM1M4FL8P.pcm /Users/puneeth/Documents/NotchApp/build/ModuleCache.noindex/ObjectiveC-3OTA9W75QDT4PN3TARE0WQUU7.pcm /Users/puneeth/Documents/NotchApp/build/ModuleCache.noindex/_DarwinFoundation3-A9H7KSTCY4794IMI8JXK63NK1.pcm /Users/puneeth/Documents/NotchApp/build/ModuleCache.noindex/_DarwinFoundation2-D36LV7A3G7FD3UF708OZO02QN.pcm /Users/puneeth/Documents/NotchApp/build/ModuleCache.noindex/CoreData-C3UOZ8JFYNIL1GAUX3OHG46B5.pcm /Users/puneeth/Documents/NotchApp/build/ModuleCache.noindex/IOKit-59CLA7N1ORL99VJGAJ1BB8SJL.pcm /Users/puneeth/Documents/NotchApp/build/ModuleCache.noindex/_Builtin_float-85RCTMT3YLN3F53B7ZKLAIF8T.pcm /Users/puneeth/Documents/NotchApp/build/ModuleCache.noindex/_AvailabilityInternal-37048KJQR7C03S8XB8T8DLZVS.pcm /Users/puneeth/Documents/NotchApp/build/ModuleCache.noindex/CoreFoundation-99GR50FQE6HQIU5RDSK43UFV.pcm /Users/puneeth/Documents/NotchApp/build/ModuleCache.noindex/os-BTLARFIFX2HUWP2A63RV2GOSA.pcm /Users/puneeth/Documents/NotchApp/build/ModuleCache.noindex/sys_types-E0GLBZOX8ODPYU06BFT7VZXXP.pcm /Users/puneeth/Documents/NotchApp/build/ModuleCache.noindex/DeveloperToolsSupport-56KZWEQUNBV97S2GH44E94COP.pcm /Users/puneeth/Documents/NotchApp/build/ModuleCache.noindex/CUPS-E00F3QCP64NRAV0UIZXXCTRVE.pcm /Users/puneeth/Documents/NotchApp/build/ModuleCache.noindex/Spatial-BV14WISAA9RL58C9BGEHEYE4R.pcm /Users/puneeth/Documents/NotchApp/build/ModuleCache.noindex/XPC-2TFYJTQ61FG06KSFX43OZBVDY.pcm /Users/puneeth/Documents/NotchApp/build/ModuleCache.noindex/libkern-6GUHE514AYZBN5T4JXD747NOW.pcm /Users/puneeth/Documents/NotchApp/build/ModuleCache.noindex/ApplicationServices-EML9LUWX6V0TCW6FOW7DN5FP1.pcm /Users/puneeth/Documents/NotchApp/build/ModuleCache.noindex/SwiftUICore-EF7E5A892YQWPF063BYU785A7.pcm /Users/puneeth/Documents/NotchApp/build/ModuleCache.noindex/CoreImage-AT2BQAQ7ZZXZBULB098391YZI.pcm /Users/puneeth/Documents/NotchApp/build/ModuleCache.noindex/CoreServices-D3JC7A23YNGKO7FFDF27UKYBE.pcm /Users/puneeth/Documents/NotchApp/build/ModuleCache.noindex/DiskArbitration-DD3JANZC6I4PQ59W7RU2JQRPX.pcm /Users/puneeth/Documents/NotchApp/build/ModuleCache.noindex/SwiftShims-5BNU340CL7KE7VBEQP07WPBG.pcm /Users/puneeth/Documents/NotchApp/build/ModuleCache.noindex/DataDetection-5SQFRF95DKHE388D9W0D7GI1Z.pcm /Users/puneeth/Documents/NotchApp/build/ModuleCache.noindex/CFNetwork-3OGDA093S2RAQW4G4R7U59LUC.pcm /Users/puneeth/Documents/NotchApp/build/ModuleCache.noindex/CoreTransferable-CFYL47ZQXX0UAC46B9VRZOXQ3.pcm /Users/puneeth/Documents/NotchApp/build/ModuleCache.noindex/simd-9KX242KF2MGNGQJFZD5C9ZE9K.pcm /Users/puneeth/Documents/NotchApp/build/ModuleCache.noindex/_Builtin_stdatomic-7MGSH2RVLBAR5RWV9PN4BLOV9.pcm /Users/puneeth/Documents/NotchApp/build/ModuleCache.noindex/libDER-2ZWG47BOKDGT6WVTZQKF3E109.pcm /Users/puneeth/Documents/NotchApp/build/ModuleCache.noindex/AppKit-D74FU5KESG2FVCCWR2OXVU2ER.pcm /Users/puneeth/Documents/NotchApp/build/ModuleCache.noindex/IOSurface-6ZL1A6IIHS0KC515RKN3RLHJF.pcm /Users/puneeth/Documents/NotchApp/build/ModuleCache.noindex/launch-5FAOVABTWJON2A6B8EVZT61LJ.pcm /Users/puneeth/Documents/NotchApp/build/ModuleCache.noindex/CoreGraphics-5FDDY5RH887HT6XUHBLW0QPAY.pcm /Users/puneeth/Documents/NotchApp/build/ModuleCache.noindex/Darwin-DAIX3SZ9TM1PTMXMJWJHC1LZ2.pcm /Users/puneeth/Documents/NotchApp/build/ModuleCache.noindex/SwiftUI-A9PGMLMMKI0LXEW8ZYLE0559E.pcm /Users/puneeth/Documents/NotchApp/build/ModuleCache.noindex/_Builtin_stdint-3UQ79452RQTBFCEG3B2HJE2YE.pcm /Users/puneeth/Documents/NotchApp/build/ModuleCache.noindex/CoreText-2M37BZ8QAF5YJASQK78LAOEYF.pcm /Users/puneeth/Documents/NotchApp/build/ModuleCache.noindex/Accessibility-12AXVVPZGIM32ZWAED2YLUP8.pcm /Users/puneeth/Documents/NotchApp/build/ModuleCache.noindex/_Builtin_inttypes-5JLNTEUA6668TN3JZ17N5OE3X.pcm /Users/puneeth/Documents/NotchApp/build/Build/Intermediates.noindex/LaunchAtLogin.build/Release/LaunchAtLogin.build/Objects-normal/arm64/LaunchAtLogin-dependencies-1.json (in target 'LaunchAtLogin' from project 'LaunchAtLogin')

SwiftCompile normal arm64 /Users/puneeth/Documents/NotchApp/build/SourcePackages/checkouts/LaunchAtLogin-Modern/Sources/LaunchAtLogin/LaunchAtLogin.swift (in target 'LaunchAtLogin' from project 'LaunchAtLogin')
    cd /Users/puneeth/Documents/NotchApp/NotchApp.xcodeproj
    

SwiftDriver\ Compilation KeyboardShortcuts normal arm64 com.apple.xcode.tools.swift.compiler (in target 'KeyboardShortcuts' from project 'KeyboardShortcuts')
    cd /Users/puneeth/Documents/NotchApp/NotchApp.xcodeproj
    builtin-Swift-Compilation -- /Applications/Xcode.app/Contents/Developer/Toolchains/XcodeDefault.xctoolchain/usr/bin/swiftc -module-name KeyboardShortcuts -O -whole-module-optimization @/Users/puneeth/Documents/NotchApp/build/Build/Intermediates.noindex/KeyboardShortcuts.build/Release/KeyboardShortcuts.build/Objects-normal/arm64/KeyboardShortcuts.SwiftFileList -DSWIFT_PACKAGE -DSWIFT_MODULE_RESOURCE_BUNDLE_AVAILABLE -DXcode -plugin-path /Applications/Xcode.app/Contents/Developer/Toolchains/XcodeDefault.xctoolchain/usr/lib/swift/host/plugins/testing -enable-experimental-feature DebugDescriptionMacro -sdk /Applications/Xcode.app/Contents/Developer/Platforms/MacOSX.platform/Developer/SDKs/MacOSX26.4.sdk -target arm64-apple-macos10.15 -g -module-cache-path /Users/puneeth/Documents/NotchApp/build/ModuleCache.noindex -Xfrontend -serialize-debugging-options -suppress-warnings -swift-version 5 -I /Users/puneeth/Documents/NotchApp/build/Build/Products/Release -Isystem /Applications/Xcode.app/Contents/Developer/Platforms/MacOSX.platform/Developer/usr/lib -F /Users/puneeth/Documents/NotchApp/build/Build/Products/Release -F /Applications/Xcode.app/Contents/Developer/Platforms/MacOSX.platform/Developer/Library/Frameworks -emit-localized-strings -emit-localized-strings-path /Users/puneeth/Documents/NotchApp/build/Build/Intermediates.noindex/KeyboardShortcuts.build/Release/KeyboardShortcuts.build/Objects-normal/arm64 -c -num-threads 10 -Xcc -ivfsstatcache -Xcc /Users/puneeth/Documents/NotchApp/build/SDKStatCaches.noindex/macosx26.4-25E251-30f9ca8789b706f8bd3fc906a70d770f.sdkstatcache -output-file-map /Users/puneeth/Documents/NotchApp/build/Build/Intermediates.noindex/KeyboardShortcuts.build/Release/KeyboardShortcuts.build/Objects-normal/arm64/KeyboardShortcuts-OutputFileMap.json -use-frontend-parseable-output -save-temps -no-color-diagnostics -explicit-module-build -module-cache-path /Users/puneeth/Documents/NotchApp/build/Build/Intermediates.noindex/SwiftExplicitPrecompiledModules -clang-scanner-module-cache-path /Users/puneeth/Documents/NotchApp/build/ModuleCache.noindex -sdk-module-cache-path /Users/puneeth/Documents/NotchApp/build/ModuleCache.noindex -serialize-diagnostics -emit-dependencies -emit-module -emit-module-path /Users/puneeth/Documents/NotchApp/build/Build/Intermediates.noindex/KeyboardShortcuts.build/Release/KeyboardShortcuts.build/Objects-normal/arm64/KeyboardShortcuts.swiftmodule -user-module-version 2.4.0 -validate-clang-modules-once -clang-build-session-file /Users/puneeth/Documents/NotchApp/build/ModuleCache.noindex/Session.modulevalidation -package-name keyboardshortcuts -Xcc -I/Users/puneeth/Documents/NotchApp/build/Build/Intermediates.noindex/KeyboardShortcuts.build/Release/KeyboardShortcuts.build/swift-overrides.hmap -emit-const-values -Xfrontend -const-gather-protocols-file -Xfrontend /Users/puneeth/Documents/NotchApp/build/Build/Intermediates.noindex/KeyboardShortcuts.build/Release/KeyboardShortcuts.build/Objects-normal/arm64/KeyboardShortcuts_const_extract_protocols.json -Xcc -I/Users/puneeth/Documents/NotchApp/build/Build/Products/Release/include -Xcc -I/Users/puneeth/Documents/NotchApp/build/Build/Intermediates.noindex/KeyboardShortcuts.build/Release/KeyboardShortcuts.build/DerivedSources-normal/arm64 -Xcc -I/Users/puneeth/Documents/NotchApp/build/Build/Intermediates.noindex/KeyboardShortcuts.build/Release/KeyboardShortcuts.build/DerivedSources/arm64 -Xcc -I/Users/puneeth/Documents/NotchApp/build/Build/Intermediates.noindex/KeyboardShortcuts.build/Release/KeyboardShortcuts.build/DerivedSources -Xcc -DSWIFT_PACKAGE -emit-objc-header -emit-objc-header-path /Users/puneeth/Documents/NotchApp/build/Build/Intermediates.noindex/KeyboardShortcuts.build/Release/KeyboardShortcuts.build/Objects-normal/arm64/KeyboardShortcuts-Swift.h -working-directory /Users/puneeth/Documents/NotchApp/NotchApp.xcodeproj -no-emit-module-separately-wmo

SwiftCompile normal arm64 Compiling\ resource_bundle_accessor.swift,\ CarbonKeyboardShortcuts.swift,\ Key.swift,\ KeyboardShortcuts.swift,\ NSMenuItem++.swift,\ Name.swift,\ Recorder.swift,\ RecorderCocoa.swift,\ Shortcut.swift,\ Utilities.swift,\ ViewModifiers.swift /Users/puneeth/Documents/NotchApp/build/Build/Intermediates.noindex/KeyboardShortcuts.build/Release/KeyboardShortcuts.build/DerivedSources/resource_bundle_accessor.swift /Users/puneeth/Documents/NotchApp/build/SourcePackages/checkouts/KeyboardShortcuts/Sources/KeyboardShortcuts/CarbonKeyboardShortcuts.swift /Users/puneeth/Documents/NotchApp/build/SourcePackages/checkouts/KeyboardShortcuts/Sources/KeyboardShortcuts/Key.swift /Users/puneeth/Documents/NotchApp/build/SourcePackages/checkouts/KeyboardShortcuts/Sources/KeyboardShortcuts/KeyboardShortcuts.swift /Users/puneeth/Documents/NotchApp/build/SourcePackages/checkouts/KeyboardShortcuts/Sources/KeyboardShortcuts/NSMenuItem++.swift /Users/puneeth/Documents/NotchApp/build/SourcePackages/checkouts/KeyboardShortcuts/Sources/KeyboardShortcuts/Name.swift /Users/puneeth/Documents/NotchApp/build/SourcePackages/checkouts/KeyboardShortcuts/Sources/KeyboardShortcuts/Recorder.swift /Users/puneeth/Documents/NotchApp/build/SourcePackages/checkouts/KeyboardShortcuts/Sources/KeyboardShortcuts/RecorderCocoa.swift /Users/puneeth/Documents/NotchApp/build/SourcePackages/checkouts/KeyboardShortcuts/Sources/KeyboardShortcuts/Shortcut.swift /Users/puneeth/Documents/NotchApp/build/SourcePackages/checkouts/KeyboardShortcuts/Sources/KeyboardShortcuts/Utilities.swift /Users/puneeth/Documents/NotchApp/build/SourcePackages/checkouts/KeyboardShortcuts/Sources/KeyboardShortcuts/ViewModifiers.swift /Applications/Xcode.app/Contents/Developer/Toolchains/XcodeDefault.xctoolchain/usr/lib/swift/macosx/prebuilt-modules/26.4/CoreVideo.swiftmodule/arm64e-apple-macos.swiftmodule /Applications/Xcode.app/Contents/Developer/Toolchains/XcodeDefault.xctoolchain/usr/lib/swift/macosx/prebuilt-modules/26.4/XPC.swiftmodule/arm64e-apple-macos.swiftmodule /Applications/Xcode.app/Contents/Developer/Toolchains/XcodeDefault.xctoolchain/usr/lib/swift/macosx/prebuilt-modules/26.4/Darwin.swiftmodule/arm64e-apple-macos.swiftmodule /Applications/Xcode.app/Contents/Developer/Toolchains/XcodeDefault.xctoolchain/usr/lib/swift/macosx/prebuilt-modules/26.4/AppKit.swiftmodule/arm64e-apple-macos.swiftmodule /Applications/Xcode.app/Contents/Developer/Toolchains/XcodeDefault.xctoolchain/usr/lib/swift/macosx/prebuilt-modules/26.4/os.swiftmodule/arm64e-apple-macos.swiftmodule /Applications/Xcode.app/Contents/Developer/Toolchains/XcodeDefault.xctoolchain/usr/lib/swift/macosx/prebuilt-modules/26.4/CoreImage.swiftmodule/arm64e-apple-macos.swiftmodule /Applications/Xcode.app/Contents/Developer/Toolchains/XcodeDefault.xctoolchain/usr/lib/swift/macosx/prebuilt-modules/26.4/QuartzCore.swiftmodule/arm64e-apple-macos.swiftmodule /Applications/Xcode.app/Contents/Developer/Toolchains/XcodeDefault.xctoolchain/usr/lib/swift/macosx/prebuilt-modules/26.4/_Concurrency.swiftmodule/arm64e-apple-macos.swiftmodule /Applications/Xcode.app/Contents/Developer/Toolchains/XcodeDefault.xctoolchain/usr/lib/swift/macosx/prebuilt-modules/26.4/CoreGraphics.swiftmodule/arm64e-apple-macos.swiftmodule /Applications/Xcode.app/Contents/Developer/Toolchains/XcodeDefault.xctoolchain/usr/lib/swift/macosx/prebuilt-modules/26.4/SwiftUICore.swiftmodule/arm64e-apple-macos.swiftmodule /Applications/Xcode.app/Contents/Developer/Toolchains/XcodeDefault.xctoolchain/usr/lib/swift/macosx/prebuilt-modules/26.4/ObjectiveC.swiftmodule/arm64e-apple-macos.swiftmodule /Applications/Xcode.app/Contents/Developer/Toolchains/XcodeDefault.xctoolchain/usr/lib/swift/macosx/prebuilt-modules/26.4/Spatial.swiftmodule/arm64e-apple-macos.swiftmodule /Applications/Xcode.app/Contents/Developer/Toolchains/XcodeDefault.xctoolchain/usr/lib/swift/macosx/prebuilt-modules/26.4/System.swiftmodule/arm64e-apple-macos.swiftmodule /Applications/Xcode.app/Contents/Developer/Toolchains/XcodeDefault.xctoolchain/usr/lib/swift/macosx/prebuilt-modules/26.4/simd.swiftmodule/arm64e-apple-macos.swiftmodule /Applications/Xcode.app/Contents/Developer/Toolchains/XcodeDefault.xctoolchain/usr/lib/swift/macosx/prebuilt-modules/26.4/Metal.swiftmodule/arm64e-apple-macos.swiftmodule /Applications/Xcode.app/Contents/Developer/Toolchains/XcodeDefault.xctoolchain/usr/lib/swift/macosx/prebuilt-modules/26.4/UniformTypeIdentifiers.swiftmodule/arm64e-apple-macos.swiftmodule /Applications/Xcode.app/Contents/Developer/Toolchains/XcodeDefault.xctoolchain/usr/lib/swift/macosx/prebuilt-modules/26.4/Dispatch.swiftmodule/arm64e-apple-macos.swiftmodule /Applications/Xcode.app/Contents/Developer/Toolchains/XcodeDefault.xctoolchain/usr/lib/swift/macosx/prebuilt-modules/26.4/OSLog.swiftmodule/arm64e-apple-macos.swiftmodule /Applications/Xcode.app/Contents/Developer/Toolchains/XcodeDefault.xctoolchain/usr/lib/swift/macosx/prebuilt-modules/26.4/_DarwinFoundation1.swiftmodule/arm64e-apple-macos.swiftmodule /Applications/Xcode.app/Contents/Developer/Toolchains/XcodeDefault.xctoolchain/usr/lib/swift/macosx/prebuilt-modules/26.4/Observation.swiftmodule/arm64e-apple-macos.swiftmodule /Applications/Xcode.app/Contents/Developer/Toolchains/XcodeDefault.xctoolchain/usr/lib/swift/macosx/prebuilt-modules/26.4/IOKit.swiftmodule/arm64e-apple-macos.swiftmodule /Applications/Xcode.app/Contents/Developer/Toolchains/XcodeDefault.xctoolchain/usr/lib/swift/macosx/prebuilt-modules/26.4/_DarwinFoundation3.swiftmodule/arm64e-apple-macos.swiftmodule /Applications/Xcode.app/Contents/Developer/Toolchains/XcodeDefault.xctoolchain/usr/lib/swift/macosx/prebuilt-modules/26.4/Foundation.swiftmodule/arm64e-apple-macos.swiftmodule /Applications/Xcode.app/Contents/Developer/Toolchains/XcodeDefault.xctoolchain/usr/lib/swift/macosx/prebuilt-modules/26.4/DataDetection.swiftmodule/arm64e-apple-macos.swiftmodule /Applications/Xcode.app/Contents/Developer/Toolchains/XcodeDefault.xctoolchain/usr/lib/swift/macosx/prebuilt-modules/26.4/_DarwinFoundation2.swiftmodule/arm64e-apple-macos.swiftmodule /Applications/Xcode.app/Contents/Developer/Toolchains/XcodeDefault.xctoolchain/usr/lib/swift/macosx/prebuilt-modules/26.4/SwiftUI.swiftmodule/arm64e-apple-macos.swiftmodule /Applications/Xcode.app/Contents/Developer/Toolchains/XcodeDefault.xctoolchain/usr/lib/swift/macosx/prebuilt-modules/26.4/_StringProcessing.swiftmodule/arm64e-apple-macos.swiftmodule /Applications/Xcode.app/Contents/Developer/Toolchains/XcodeDefault.xctoolchain/usr/lib/swift/macosx/prebuilt-modules/26.4/CoreTransferable.swiftmodule/arm64e-apple-macos.swiftmodule /Applications/Xcode.app/Contents/Developer/Toolchains/XcodeDefault.xctoolchain/usr/lib/swift/macosx/prebuilt-modules/26.4/CoreText.swiftmodule/arm64e-apple-macos.swiftmodule /Applications/Xcode.app/Contents/Developer/Toolchains/XcodeDefault.xctoolchain/usr/lib/swift/macosx/prebuilt-modules/26.4/Combine.swiftmodule/arm64e-apple-macos.swiftmodule /Applications/Xcode.app/Contents/Developer/Toolchains/XcodeDefault.xctoolchain/usr/lib/swift/macosx/prebuilt-modules/26.4/Accessibility.swiftmodule/arm64e-apple-macos.swiftmodule /Applications/Xcode.app/Contents/Developer/Toolchains/XcodeDefault.xctoolchain/usr/lib/swift/macosx/prebuilt-modules/26.4/CoreFoundation.swiftmodule/arm64e-apple-macos.swiftmodule /Applications/Xcode.app/Contents/Developer/Toolchains/XcodeDefault.xctoolchain/usr/lib/swift/macosx/prebuilt-modules/26.4/CoreData.swiftmodule/arm64e-apple-macos.swiftmodule /Applications/Xcode.app/Contents/Developer/Toolchains/XcodeDefault.xctoolchain/usr/lib/swift/macosx/prebuilt-modules/26.4/Symbols.swiftmodule/arm64e-apple-macos.swiftmodule /Applications/Xcode.app/Contents/Developer/Toolchains/XcodeDefault.xctoolchain/usr/lib/swift/macosx/prebuilt-modules/26.4/_Builtin_float.swiftmodule/arm64e-apple-macos.swiftmodule /Applications/Xcode.app/Contents/Developer/Toolchains/XcodeDefault.xctoolchain/usr/lib/swift/macosx/prebuilt-modules/26.4/Swift.swiftmodule/arm64e-apple-macos.swiftmodule /Applications/Xcode.app/Contents/Developer/Toolchains/XcodeDefault.xctoolchain/usr/lib/swift/macosx/prebuilt-modules/26.4/DeveloperToolsSupport.swiftmodule/arm64e-apple-macos.swiftmodule /Users/puneeth/Documents/NotchApp/build/ModuleCache.noindex/_Builtin_tgmath-C9NLGKV8G1CDJ4OBMT5XQCO3X.pcm /Users/puneeth/Documents/NotchApp/build/ModuleCache.noindex/Spatial-BV14WISAA9RL58C9BGEHEYE4R.pcm /Users/puneeth/Documents/NotchApp/build/ModuleCache.noindex/libkern-6GUHE514AYZBN5T4JXD747NOW.pcm /Users/puneeth/Documents/NotchApp/build/ModuleCache.noindex/Foundation-7FHOLB55PNOSY5GGXP5C0BVQW.pcm /Users/puneeth/Documents/NotchApp/build/ModuleCache.noindex/Carbon-5CCDH15LHYSG0AS6TTNACUO2B.pcm /Users/puneeth/Documents/NotchApp/build/ModuleCache.noindex/Dispatch-5T12RRZ2QU7F65ZG5BLM3BINA.pcm /Users/puneeth/Documents/NotchApp/build/ModuleCache.noindex/_Builtin_stdarg-CCVUSOJ86WRCOGIO7PDVTMWFY.pcm /Users/puneeth/Documents/NotchApp/build/ModuleCache.noindex/libDER-2ZWG47BOKDGT6WVTZQKF3E109.pcm /Users/puneeth/Documents/NotchApp/build/ModuleCache.noindex/QuartzCore-3SFXJ3WNS7W4GNQOH7AQJ3J06.pcm /Users/puneeth/Documents/NotchApp/build/ModuleCache.noindex/ApplicationServices-EML9LUWX6V0TCW6FOW7DN5FP1.pcm /Users/puneeth/Documents/NotchApp/build/ModuleCache.noindex/_Builtin_stdint-3UQ79452RQTBFCEG3B2HJE2YE.pcm /Users/puneeth/Documents/NotchApp/build/ModuleCache.noindex/os_object-1782UE7HOFZUZ3QSDG3XMXG0O.pcm /Users/puneeth/Documents/NotchApp/build/ModuleCache.noindex/Metal-9K9PG1JC4EJLM7VJW9CBDGJIG.pcm /Users/puneeth/Documents/NotchApp/build/ModuleCache.noindex/_AvailabilityInternal-37048KJQR7C03S8XB8T8DLZVS.pcm /Users/puneeth/Documents/NotchApp/build/ModuleCache.noindex/CoreTransferable-CFYL47ZQXX0UAC46B9VRZOXQ3.pcm /Users/puneeth/Documents/NotchApp/build/ModuleCache.noindex/os-BTLARFIFX2HUWP2A63RV2GOSA.pcm /Users/puneeth/Documents/NotchApp/build/ModuleCache.noindex/_DarwinFoundation1-7I7DGNXIRTJ0SWPAXXAHEP9BM.pcm /Users/puneeth/Documents/NotchApp/build/ModuleCache.noindex/_Builtin_stdatomic-7MGSH2RVLBAR5RWV9PN4BLOV9.pcm /Users/puneeth/Documents/NotchApp/build/ModuleCache.noindex/CoreData-C3UOZ8JFYNIL1GAUX3OHG46B5.pcm /Users/puneeth/Documents/NotchApp/build/ModuleCache.noindex/launch-5FAOVABTWJON2A6B8EVZT61LJ.pcm /Users/puneeth/Documents/NotchApp/build/ModuleCache.noindex/_Builtin_intrinsics-8XL6H6ECVGU79TJKOOMIQJ5WK.pcm /Users/puneeth/Documents/NotchApp/build/ModuleCache.noindex/CoreText-2M37BZ8QAF5YJASQK78LAOEYF.pcm /Users/puneeth/Documents/NotchApp/build/ModuleCache.noindex/CoreServices-D3JC7A23YNGKO7FFDF27UKYBE.pcm /Users/puneeth/Documents/NotchApp/build/ModuleCache.noindex/ObjectiveC-3OTA9W75QDT4PN3TARE0WQUU7.pcm /Users/puneeth/Documents/NotchApp/build/ModuleCache.noindex/_Builtin_stddef-66E5VBIJMD7100KKYLXN1WBRQ.pcm /Users/puneeth/Documents/NotchApp/build/ModuleCache.noindex/DeveloperToolsSupport-56KZWEQUNBV97S2GH44E94COP.pcm /Users/puneeth/Documents/NotchApp/build/ModuleCache.noindex/_DarwinFoundation2-D36LV7A3G7FD3UF708OZO02QN.pcm /Users/puneeth/Documents/NotchApp/build/ModuleCache.noindex/os_workgroup-3RU8AUVIQED9MFP4CKER2F5NE.pcm /Users/puneeth/Documents/NotchApp/build/ModuleCache.noindex/_SwiftConcurrencyShims-7Q715HB65NW46Z8DS6PEMSUSK.pcm /Users/puneeth/Documents/NotchApp/build/ModuleCache.noindex/XPC-2TFYJTQ61FG06KSFX43OZBVDY.pcm /Users/puneeth/Documents/NotchApp/build/ModuleCache.noindex/CoreFoundation-99GR50FQE6HQIU5RDSK43UFV.pcm /Users/puneeth/Documents/NotchApp/build/ModuleCache.noindex/SwiftUI-A9PGMLMMKI0LXEW8ZYLE0559E.pcm /Users/puneeth/Documents/NotchApp/build/ModuleCache.noindex/SwiftUICore-EF7E5A892YQWPF063BYU785A7.pcm /Users/puneeth/Documents/NotchApp/build/ModuleCache.noindex/OSLog-EWVPKAFM3NPBG0KSREO6054L7.pcm /Users/puneeth/Documents/NotchApp/build/ModuleCache.noindex/OpenGL-2HC1KSIMEA23OUQ881L3B8QGP.pcm /Users/puneeth/Documents/NotchApp/build/ModuleCache.noindex/AppKit-D74FU5KESG2FVCCWR2OXVU2ER.pcm /Users/puneeth/Documents/NotchApp/build/ModuleCache.noindex/DiskArbitration-DD3JANZC6I4PQ59W7RU2JQRPX.pcm /Users/puneeth/Documents/NotchApp/build/ModuleCache.noindex/ImageIO-9TV8Z7QJDOPHZ5J5G4YZRWFNV.pcm /Users/puneeth/Documents/NotchApp/build/ModuleCache.noindex/_Builtin_inttypes-5JLNTEUA6668TN3JZ17N5OE3X.pcm /Users/puneeth/Documents/NotchApp/build/ModuleCache.noindex/Symbols-EY3DD9Q51NY9XZ5RIDL0Q69MF.pcm /Users/puneeth/Documents/NotchApp/build/ModuleCache.noindex/Security-6P06QPFF0EWLUA4EIJ269UY58.pcm /Users/puneeth/Documents/NotchApp/build/ModuleCache.noindex/_DarwinFoundation3-A9H7KSTCY4794IMI8JXK63NK1.pcm /Users/puneeth/Documents/NotchApp/build/ModuleCache.noindex/_Builtin_stdbool-DQI62CIPV9GHCPEMTH99Z0A5A.pcm /Users/puneeth/Documents/NotchApp/build/ModuleCache.noindex/CUPS-E00F3QCP64NRAV0UIZXXCTRVE.pcm /Users/puneeth/Documents/NotchApp/build/ModuleCache.noindex/MachO-C6WPO80UDRB539F6FFKKLBYFN.pcm /Users/puneeth/Documents/NotchApp/build/ModuleCache.noindex/sys_types-E0GLBZOX8ODPYU06BFT7VZXXP.pcm /Users/puneeth/Documents/NotchApp/build/ModuleCache.noindex/IOSurface-6ZL1A6IIHS0KC515RKN3RLHJF.pcm /Users/puneeth/Documents/NotchApp/build/ModuleCache.noindex/UniformTypeIdentifiers-8D93XU1A4DK1XALKVM1M4FL8P.pcm /Users/puneeth/Documents/NotchApp/build/ModuleCache.noindex/CoreVideo-D82SIJEMKGLBKTJ4VKTE2A7IJ.pcm /Users/puneeth/Documents/NotchApp/build/ModuleCache.noindex/CFNetwork-3OGDA093S2RAQW4G4R7U59LUC.pcm /Users/puneeth/Documents/NotchApp/build/ModuleCache.noindex/_Builtin_float-85RCTMT3YLN3F53B7ZKLAIF8T.pcm /Users/puneeth/Documents/NotchApp/build/ModuleCache.noindex/Darwin-DAIX3SZ9TM1PTMXMJWJHC1LZ2.pcm /Users/puneeth/Documents/NotchApp/build/ModuleCache.noindex/CoreImage-AT2BQAQ7ZZXZBULB098391YZI.pcm /Users/puneeth/Documents/NotchApp/build/ModuleCache.noindex/Accessibility-12AXVVPZGIM32ZWAED2YLUP8.pcm /Users/puneeth/Documents/NotchApp/build/ModuleCache.noindex/SwiftShims-5BNU340CL7KE7VBEQP07WPBG.pcm /Users/puneeth/Documents/NotchApp/build/ModuleCache.noindex/IOKit-59CLA7N1ORL99VJGAJ1BB8SJL.pcm /Users/puneeth/Documents/NotchApp/build/ModuleCache.noindex/DataDetection-5SQFRF95DKHE388D9W0D7GI1Z.pcm /Users/puneeth/Documents/NotchApp/build/ModuleCache.noindex/CoreGraphics-5FDDY5RH887HT6XUHBLW0QPAY.pcm /Users/puneeth/Documents/NotchApp/build/ModuleCache.noindex/ColorSync-YGK11GUAOJBA1QR8DOJA89XX.pcm /Users/puneeth/Documents/NotchApp/build/ModuleCache.noindex/simd-9KX242KF2MGNGQJFZD5C9ZE9K.pcm /Users/puneeth/Documents/NotchApp/build/ModuleCache.noindex/_Builtin_limits-BFYHV0HMJJFHPVIF3MA972Q2.pcm /Users/puneeth/Documents/NotchApp/build/ModuleCache.noindex/ptrauth-2BZSZBU73CY91ZYRGSZ83B3QE.pcm /Users/puneeth/Documents/NotchApp/build/ModuleCache.noindex/ptrcheck-F0LQ0UM3MA654QIEP52JX6W8S.pcm /Users/puneeth/Documents/NotchApp/build/Build/Intermediates.noindex/KeyboardShortcuts.build/Release/KeyboardShortcuts.build/Objects-normal/arm64/KeyboardShortcuts-dependencies-1.json (in target 'KeyboardShortcuts' from project 'KeyboardShortcuts')
CompileSwift normal arm64 (in target 'KeyboardShortcuts' from project 'KeyboardShortcuts')
    cd /Users/puneeth/Documents/NotchApp/NotchApp.xcodeproj
    

SwiftDriverJobDiscovery normal arm64 Compiling LaunchAtLogin.swift (in target 'LaunchAtLogin' from project 'LaunchAtLogin')

SwiftDriver\ Compilation\ Requirements LaunchAtLogin normal arm64 com.apple.xcode.tools.swift.compiler (in target 'LaunchAtLogin' from project 'LaunchAtLogin')
    cd /Users/puneeth/Documents/NotchApp/NotchApp.xcodeproj
    builtin-Swift-Compilation-Requirements -- /Applications/Xcode.app/Contents/Developer/Toolchains/XcodeDefault.xctoolchain/usr/bin/swiftc -module-name LaunchAtLogin -O -whole-module-optimization @/Users/puneeth/Documents/NotchApp/build/Build/Intermediates.noindex/LaunchAtLogin.build/Release/LaunchAtLogin.build/Objects-normal/arm64/LaunchAtLogin.SwiftFileList -DSWIFT_PACKAGE -DSWIFT_MODULE_RESOURCE_BUNDLE_UNAVAILABLE -DXcode -plugin-path /Applications/Xcode.app/Contents/Developer/Toolchains/XcodeDefault.xctoolchain/usr/lib/swift/host/plugins/testing -enable-experimental-feature DebugDescriptionMacro -sdk /Applications/Xcode.app/Contents/Developer/Platforms/MacOSX.platform/Developer/SDKs/MacOSX26.4.sdk -target arm64-apple-macos13.0 -g -module-cache-path /Users/puneeth/Documents/NotchApp/build/ModuleCache.noindex -Xfrontend -serialize-debugging-options -suppress-warnings -swift-version 5 -I /Users/puneeth/Documents/NotchApp/build/Build/Products/Release -Isystem /Applications/Xcode.app/Contents/Developer/Platforms/MacOSX.platform/Developer/usr/lib -F /Users/puneeth/Documents/NotchApp/build/Build/Products/Release -F /Applications/Xcode.app/Contents/Developer/Platforms/MacOSX.platform/Developer/Library/Frameworks -parse-as-library -c -num-threads 10 -Xcc -ivfsstatcache -Xcc /Users/puneeth/Documents/NotchApp/build/SDKStatCaches.noindex/macosx26.4-25E251-30f9ca8789b706f8bd3fc906a70d770f.sdkstatcache -output-file-map /Users/puneeth/Documents/NotchApp/build/Build/Intermediates.noindex/LaunchAtLogin.build/Release/LaunchAtLogin.build/Objects-normal/arm64/LaunchAtLogin-OutputFileMap.json -use-frontend-parseable-output -save-temps -no-color-diagnostics -explicit-module-build -module-cache-path /Users/puneeth/Documents/NotchApp/build/Build/Intermediates.noindex/SwiftExplicitPrecompiledModules -clang-scanner-module-cache-path /Users/puneeth/Documents/NotchApp/build/ModuleCache.noindex -sdk-module-cache-path /Users/puneeth/Documents/NotchApp/build/ModuleCache.noindex -serialize-diagnostics -emit-dependencies -emit-module -emit-module-path /Users/puneeth/Documents/NotchApp/build/Build/Intermediates.noindex/LaunchAtLogin.build/Release/LaunchAtLogin.build/Objects-normal/arm64/LaunchAtLogin.swiftmodule -validate-clang-modules-once -clang-build-session-file /Users/puneeth/Documents/NotchApp/build/ModuleCache.noindex/Session.modulevalidation -package-name launchatlogin_modern -Xcc -I/Users/puneeth/Documents/NotchApp/build/Build/Intermediates.noindex/LaunchAtLogin.build/Release/LaunchAtLogin.build/swift-overrides.hmap -emit-const-values -Xfrontend -const-gather-protocols-file -Xfrontend /Users/puneeth/Documents/NotchApp/build/Build/Intermediates.noindex/LaunchAtLogin.build/Release/LaunchAtLogin.build/Objects-normal/arm64/LaunchAtLogin_const_extract_protocols.json -Xcc -I/Users/puneeth/Documents/NotchApp/build/Build/Products/Release/include -Xcc -I/Users/puneeth/Documents/NotchApp/build/Build/Intermediates.noindex/LaunchAtLogin.build/Release/LaunchAtLogin.build/DerivedSources-normal/arm64 -Xcc -I/Users/puneeth/Documents/NotchApp/build/Build/Intermediates.noindex/LaunchAtLogin.build/Release/LaunchAtLogin.build/DerivedSources/arm64 -Xcc -I/Users/puneeth/Documents/NotchApp/build/Build/Intermediates.noindex/LaunchAtLogin.build/Release/LaunchAtLogin.build/DerivedSources -Xcc -DSWIFT_PACKAGE -emit-objc-header -emit-objc-header-path /Users/puneeth/Documents/NotchApp/build/Build/Intermediates.noindex/LaunchAtLogin.build/Release/LaunchAtLogin.build/Objects-normal/arm64/LaunchAtLogin-Swift.h -working-directory /Users/puneeth/Documents/NotchApp/NotchApp.xcodeproj -no-emit-module-separately-wmo

SwiftMergeGeneratedHeaders /Users/puneeth/Documents/NotchApp/build/Build/Intermediates.noindex/GeneratedModuleMaps/LaunchAtLogin-Swift.h /Users/puneeth/Documents/NotchApp/build/Build/Intermediates.noindex/LaunchAtLogin.build/Release/LaunchAtLogin.build/Objects-normal/arm64/LaunchAtLogin-Swift.h (in target 'LaunchAtLogin' from project 'LaunchAtLogin')
    cd /Users/puneeth/Documents/NotchApp/build/SourcePackages/checkouts/LaunchAtLogin-Modern
    builtin-swiftHeaderTool -arch arm64 /Users/puneeth/Documents/NotchApp/build/Build/Intermediates.noindex/LaunchAtLogin.build/Release/LaunchAtLogin.build/Objects-normal/arm64/LaunchAtLogin-Swift.h -o /Users/puneeth/Documents/NotchApp/build/Build/Intermediates.noindex/GeneratedModuleMaps/LaunchAtLogin-Swift.h

Copy /Users/puneeth/Documents/NotchApp/build/Build/Products/Release/LaunchAtLogin.swiftmodule/arm64-apple-macos.swiftdoc /Users/puneeth/Documents/NotchApp/build/Build/Intermediates.noindex/LaunchAtLogin.build/Release/LaunchAtLogin.build/Objects-normal/arm64/LaunchAtLogin.swiftdoc (in target 'LaunchAtLogin' from project 'LaunchAtLogin')
    cd /Users/puneeth/Documents/NotchApp/build/SourcePackages/checkouts/LaunchAtLogin-Modern
    builtin-copy -exclude .DS_Store -exclude CVS -exclude .svn -exclude .git -exclude .hg -strip-unsigned-binaries -strip-deterministic -strip-tool /Applications/Xcode.app/Contents/Developer/Toolchains/XcodeDefault.xctoolchain/usr/bin/strip -resolve-src-symlinks -rename /Users/puneeth/Documents/NotchApp/build/Build/Intermediates.noindex/LaunchAtLogin.build/Release/LaunchAtLogin.build/Objects-normal/arm64/LaunchAtLogin.swiftdoc /Users/puneeth/Documents/NotchApp/build/Build/Products/Release/LaunchAtLogin.swiftmodule/arm64-apple-macos.swiftdoc

Copy /Users/puneeth/Documents/NotchApp/build/Build/Products/Release/LaunchAtLogin.swiftmodule/arm64-apple-macos.abi.json /Users/puneeth/Documents/NotchApp/build/Build/Intermediates.noindex/LaunchAtLogin.build/Release/LaunchAtLogin.build/Objects-normal/arm64/LaunchAtLogin.abi.json (in target 'LaunchAtLogin' from project 'LaunchAtLogin')
    cd /Users/puneeth/Documents/NotchApp/build/SourcePackages/checkouts/LaunchAtLogin-Modern
    builtin-copy -exclude .DS_Store -exclude CVS -exclude .svn -exclude .git -exclude .hg -strip-unsigned-binaries -strip-deterministic -strip-tool /Applications/Xcode.app/Contents/Developer/Toolchains/XcodeDefault.xctoolchain/usr/bin/strip -resolve-src-symlinks -rename /Users/puneeth/Documents/NotchApp/build/Build/Intermediates.noindex/LaunchAtLogin.build/Release/LaunchAtLogin.build/Objects-normal/arm64/LaunchAtLogin.abi.json /Users/puneeth/Documents/NotchApp/build/Build/Products/Release/LaunchAtLogin.swiftmodule/arm64-apple-macos.abi.json

Copy /Users/puneeth/Documents/NotchApp/build/Build/Products/Release/LaunchAtLogin.swiftmodule/arm64-apple-macos.swiftmodule /Users/puneeth/Documents/NotchApp/build/Build/Intermediates.noindex/LaunchAtLogin.build/Release/LaunchAtLogin.build/Objects-normal/arm64/LaunchAtLogin.swiftmodule (in target 'LaunchAtLogin' from project 'LaunchAtLogin')
    cd /Users/puneeth/Documents/NotchApp/build/SourcePackages/checkouts/LaunchAtLogin-Modern
    builtin-copy -exclude .DS_Store -exclude CVS -exclude .svn -exclude .git -exclude .hg -strip-unsigned-binaries -strip-deterministic -strip-tool /Applications/Xcode.app/Contents/Developer/Toolchains/XcodeDefault.xctoolchain/usr/bin/strip -resolve-src-symlinks -rename /Users/puneeth/Documents/NotchApp/build/Build/Intermediates.noindex/LaunchAtLogin.build/Release/LaunchAtLogin.build/Objects-normal/arm64/LaunchAtLogin.swiftmodule /Users/puneeth/Documents/NotchApp/build/Build/Products/Release/LaunchAtLogin.swiftmodule/arm64-apple-macos.swiftmodule

Copy /Users/puneeth/Documents/NotchApp/build/Build/Products/Release/LaunchAtLogin.swiftmodule/Project/arm64-apple-macos.swiftsourceinfo /Users/puneeth/Documents/NotchApp/build/Build/Intermediates.noindex/LaunchAtLogin.build/Release/LaunchAtLogin.build/Objects-normal/arm64/LaunchAtLogin.swiftsourceinfo (in target 'LaunchAtLogin' from project 'LaunchAtLogin')
    cd /Users/puneeth/Documents/NotchApp/build/SourcePackages/checkouts/LaunchAtLogin-Modern
    builtin-copy -exclude .DS_Store -exclude CVS -exclude .svn -exclude .git -exclude .hg -strip-unsigned-binaries -strip-deterministic -strip-tool /Applications/Xcode.app/Contents/Developer/Toolchains/XcodeDefault.xctoolchain/usr/bin/strip -resolve-src-symlinks -rename /Users/puneeth/Documents/NotchApp/build/Build/Intermediates.noindex/LaunchAtLogin.build/Release/LaunchAtLogin.build/Objects-normal/arm64/LaunchAtLogin.swiftsourceinfo /Users/puneeth/Documents/NotchApp/build/Build/Products/Release/LaunchAtLogin.swiftmodule/Project/arm64-apple-macos.swiftsourceinfo

Ld /Users/puneeth/Documents/NotchApp/build/Build/Products/Release/LaunchAtLogin.o normal (in target 'LaunchAtLogin' from project 'LaunchAtLogin')
    cd /Users/puneeth/Documents/NotchApp/build/SourcePackages/checkouts/LaunchAtLogin-Modern
    /Applications/Xcode.app/Contents/Developer/Toolchains/XcodeDefault.xctoolchain/usr/bin/clang -Xlinker -reproducible -target arm64-apple-macos13.0 -r -isysroot /Applications/Xcode.app/Contents/Developer/Platforms/MacOSX.platform/Developer/SDKs/MacOSX26.4.sdk -Os -w -F/Users/puneeth/Documents/NotchApp/build/Build/Intermediates.noindex/EagerLinkingTBDs/Release -F/Users/puneeth/Documents/NotchApp/build/Build/Products/Release -iframework /Applications/Xcode.app/Contents/Developer/Platforms/MacOSX.platform/Developer/Library/Frameworks -filelist /Users/puneeth/Documents/NotchApp/build/Build/Intermediates.noindex/LaunchAtLogin.build/Release/LaunchAtLogin.build/Objects-normal/arm64/LaunchAtLogin.LinkFileList -nostdlib -Xlinker -object_path_lto -Xlinker /Users/puneeth/Documents/NotchApp/build/Build/Intermediates.noindex/LaunchAtLogin.build/Release/LaunchAtLogin.build/Objects-normal/arm64/LaunchAtLogin_lto.o -Xlinker -dependency_info -Xlinker /Users/puneeth/Documents/NotchApp/build/Build/Intermediates.noindex/LaunchAtLogin.build/Release/LaunchAtLogin.build/Objects-normal/arm64/LaunchAtLogin_dependency_info.dat -fobjc-link-runtime -L/Applications/Xcode.app/Contents/Developer/Toolchains/XcodeDefault.xctoolchain/usr/lib/swift/macosx -L/usr/lib/swift -Xlinker -add_ast_path -Xlinker /Users/puneeth/Documents/NotchApp/build/Build/Intermediates.noindex/LaunchAtLogin.build/Release/LaunchAtLogin.build/Objects-normal/arm64/LaunchAtLogin.swiftmodule @/Users/puneeth/Documents/NotchApp/build/Build/Intermediates.noindex/LaunchAtLogin.build/Release/LaunchAtLogin.build/Objects-normal/arm64/LaunchAtLogin-linker-args.resp -o /Users/puneeth/Documents/NotchApp/build/Build/Products/Release/LaunchAtLogin.o

ExtractAppIntentsMetadata (in target 'LaunchAtLogin' from project 'LaunchAtLogin')
    cd /Users/puneeth/Documents/NotchApp/build/SourcePackages/checkouts/LaunchAtLogin-Modern
    /Applications/Xcode.app/Contents/Developer/Toolchains/XcodeDefault.xctoolchain/usr/bin/appintentsmetadataprocessor --toolchain-dir /Applications/Xcode.app/Contents/Developer/Toolchains/XcodeDefault.xctoolchain --module-name LaunchAtLogin --sdk-root /Applications/Xcode.app/Contents/Developer/Platforms/MacOSX.platform/Developer/SDKs/MacOSX26.4.sdk --xcode-version 17E202 --platform-family macOS --deployment-target 13.0 --bundle-identifier launchatlogin-modern.LaunchAtLogin --output /Users/puneeth/Documents/NotchApp/build/Build/Products/Release/LaunchAtLogin.appintents --target-triple arm64-apple-macos13.0 --binary-file /Users/puneeth/Documents/NotchApp/build/Build/Products/Release/LaunchAtLogin.o --dependency-file /Users/puneeth/Documents/NotchApp/build/Build/Intermediates.noindex/LaunchAtLogin.build/Release/LaunchAtLogin.build/Objects-normal/arm64/LaunchAtLogin_dependency_info.dat --stringsdata-file /Users/puneeth/Documents/NotchApp/build/Build/Intermediates.noindex/LaunchAtLogin.build/Release/LaunchAtLogin.build/Objects-normal/arm64/ExtractedAppShortcutsMetadata.stringsdata --source-file-list /Users/puneeth/Documents/NotchApp/build/Build/Intermediates.noindex/LaunchAtLogin.build/Release/LaunchAtLogin.build/Objects-normal/arm64/LaunchAtLogin.SwiftFileList --metadata-file-list /Users/puneeth/Documents/NotchApp/build/Build/Intermediates.noindex/LaunchAtLogin.build/Release/LaunchAtLogin.build/LaunchAtLogin.DependencyMetadataFileList --static-metadata-file-list /Users/puneeth/Documents/NotchApp/build/Build/Intermediates.noindex/LaunchAtLogin.build/Release/LaunchAtLogin.build/LaunchAtLogin.DependencyStaticMetadataFileList --swift-const-vals-list /Users/puneeth/Documents/NotchApp/build/Build/Intermediates.noindex/LaunchAtLogin.build/Release/LaunchAtLogin.build/Objects-normal/arm64/LaunchAtLogin.SwiftConstValuesFileList --force --compile-time-extraction --deployment-aware-processing --validate-assistant-intents --no-app-shortcuts-localization
2026-05-27 01:02:37.308 appintentsmetadataprocessor[37274:6887156] Starting appintentsmetadataprocessor export
2026-05-27 01:02:37.334 appintentsmetadataprocessor[37274:6887156] Extracted no relevant App Intents symbols, skipping writing output

RegisterExecutionPolicyException /Users/puneeth/Documents/NotchApp/build/Build/Products/Release/LaunchAtLogin.o (in target 'LaunchAtLogin' from project 'LaunchAtLogin')
    cd /Users/puneeth/Documents/NotchApp/build/SourcePackages/checkouts/LaunchAtLogin-Modern
    builtin-RegisterExecutionPolicyException /Users/puneeth/Documents/NotchApp/build/Build/Products/Release/LaunchAtLogin.o

SwiftDriverJobDiscovery normal arm64 Compiling resource_bundle_accessor.swift, Defaults+AnySerializable.swift, Defaults+Bridge.swift, Defaults+Extensions.swift, Defaults+Protocol.swift, Defaults.swift, Observation+Combine.swift, Observation.swift, Reset.swift, SwiftUI.swift, UserDefaults.swift, Utilities.swift (in target 'Defaults' from project 'Defaults')

SwiftDriver\ Compilation\ Requirements Defaults normal arm64 com.apple.xcode.tools.swift.compiler (in target 'Defaults' from project 'Defaults')
    cd /Users/puneeth/Documents/NotchApp/NotchApp.xcodeproj
    builtin-Swift-Compilation-Requirements -- /Applications/Xcode.app/Contents/Developer/Toolchains/XcodeDefault.xctoolchain/usr/bin/swiftc -module-name Defaults -O -whole-module-optimization @/Users/puneeth/Documents/NotchApp/build/Build/Intermediates.noindex/Defaults.build/Release/Defaults.build/Objects-normal/arm64/Defaults.SwiftFileList -DSWIFT_PACKAGE -DSWIFT_MODULE_RESOURCE_BUNDLE_AVAILABLE -DXcode -plugin-path /Applications/Xcode.app/Contents/Developer/Toolchains/XcodeDefault.xctoolchain/usr/lib/swift/host/plugins/testing -enable-experimental-feature DebugDescriptionMacro -sdk /Applications/Xcode.app/Contents/Developer/Platforms/MacOSX.platform/Developer/SDKs/MacOSX26.4.sdk -target arm64-apple-macos11.0 -g -module-cache-path /Users/puneeth/Documents/NotchApp/build/ModuleCache.noindex -Xfrontend -serialize-debugging-options -suppress-warnings -swift-version 5 -I /Users/puneeth/Documents/NotchApp/build/Build/Products/Release -Isystem /Applications/Xcode.app/Contents/Developer/Platforms/MacOSX.platform/Developer/usr/lib -F /Users/puneeth/Documents/NotchApp/build/Build/Products/Release -F /Applications/Xcode.app/Contents/Developer/Platforms/MacOSX.platform/Developer/Library/Frameworks -c -num-threads 10 -Xcc -ivfsstatcache -Xcc /Users/puneeth/Documents/NotchApp/build/SDKStatCaches.noindex/macosx26.4-25E251-30f9ca8789b706f8bd3fc906a70d770f.sdkstatcache -output-file-map /Users/puneeth/Documents/NotchApp/build/Build/Intermediates.noindex/Defaults.build/Release/Defaults.build/Objects-normal/arm64/Defaults-OutputFileMap.json -use-frontend-parseable-output -save-temps -no-color-diagnostics -explicit-module-build -module-cache-path /Users/puneeth/Documents/NotchApp/build/Build/Intermediates.noindex/SwiftExplicitPrecompiledModules -clang-scanner-module-cache-path /Users/puneeth/Documents/NotchApp/build/ModuleCache.noindex -sdk-module-cache-path /Users/puneeth/Documents/NotchApp/build/ModuleCache.noindex -serialize-diagnostics -emit-dependencies -emit-module -emit-module-path /Users/puneeth/Documents/NotchApp/build/Build/Intermediates.noindex/Defaults.build/Release/Defaults.build/Objects-normal/arm64/Defaults.swiftmodule -validate-clang-modules-once -clang-build-session-file /Users/puneeth/Documents/NotchApp/build/ModuleCache.noindex/Session.modulevalidation -package-name defaults -Xcc -I/Users/puneeth/Documents/NotchApp/build/Build/Intermediates.noindex/Defaults.build/Release/Defaults.build/swift-overrides.hmap -emit-const-values -Xfrontend -const-gather-protocols-file -Xfrontend /Users/puneeth/Documents/NotchApp/build/Build/Intermediates.noindex/Defaults.build/Release/Defaults.build/Objects-normal/arm64/Defaults_const_extract_protocols.json -Xcc -I/Users/puneeth/Documents/NotchApp/build/Build/Products/Release/include -Xcc -I/Users/puneeth/Documents/NotchApp/build/Build/Intermediates.noindex/Defaults.build/Release/Defaults.build/DerivedSources-normal/arm64 -Xcc -I/Users/puneeth/Documents/NotchApp/build/Build/Intermediates.noindex/Defaults.build/Release/Defaults.build/DerivedSources/arm64 -Xcc -I/Users/puneeth/Documents/NotchApp/build/Build/Intermediates.noindex/Defaults.build/Release/Defaults.build/DerivedSources -Xcc -DSWIFT_PACKAGE -emit-objc-header -emit-objc-header-path /Users/puneeth/Documents/NotchApp/build/Build/Intermediates.noindex/Defaults.build/Release/Defaults.build/Objects-normal/arm64/Defaults-Swift.h -working-directory /Users/puneeth/Documents/NotchApp/NotchApp.xcodeproj -no-emit-module-separately-wmo

SwiftMergeGeneratedHeaders /Users/puneeth/Documents/NotchApp/build/Build/Intermediates.noindex/GeneratedModuleMaps/Defaults-Swift.h /Users/puneeth/Documents/NotchApp/build/Build/Intermediates.noindex/Defaults.build/Release/Defaults.build/Objects-normal/arm64/Defaults-Swift.h (in target 'Defaults' from project 'Defaults')
    cd /Users/puneeth/Documents/NotchApp/build/SourcePackages/checkouts/Defaults
    builtin-swiftHeaderTool -arch arm64 /Users/puneeth/Documents/NotchApp/build/Build/Intermediates.noindex/Defaults.build/Release/Defaults.build/Objects-normal/arm64/Defaults-Swift.h -o /Users/puneeth/Documents/NotchApp/build/Build/Intermediates.noindex/GeneratedModuleMaps/Defaults-Swift.h

Copy /Users/puneeth/Documents/NotchApp/build/Build/Products/Release/Defaults.swiftmodule/arm64-apple-macos.abi.json /Users/puneeth/Documents/NotchApp/build/Build/Intermediates.noindex/Defaults.build/Release/Defaults.build/Objects-normal/arm64/Defaults.abi.json (in target 'Defaults' from project 'Defaults')
    cd /Users/puneeth/Documents/NotchApp/build/SourcePackages/checkouts/Defaults
    builtin-copy -exclude .DS_Store -exclude CVS -exclude .svn -exclude .git -exclude .hg -strip-unsigned-binaries -strip-deterministic -strip-tool /Applications/Xcode.app/Contents/Developer/Toolchains/XcodeDefault.xctoolchain/usr/bin/strip -resolve-src-symlinks -rename /Users/puneeth/Documents/NotchApp/build/Build/Intermediates.noindex/Defaults.build/Release/Defaults.build/Objects-normal/arm64/Defaults.abi.json /Users/puneeth/Documents/NotchApp/build/Build/Products/Release/Defaults.swiftmodule/arm64-apple-macos.abi.json

Copy /Users/puneeth/Documents/NotchApp/build/Build/Products/Release/Defaults.swiftmodule/arm64-apple-macos.swiftdoc /Users/puneeth/Documents/NotchApp/build/Build/Intermediates.noindex/Defaults.build/Release/Defaults.build/Objects-normal/arm64/Defaults.swiftdoc (in target 'Defaults' from project 'Defaults')
    cd /Users/puneeth/Documents/NotchApp/build/SourcePackages/checkouts/Defaults
    builtin-copy -exclude .DS_Store -exclude CVS -exclude .svn -exclude .git -exclude .hg -strip-unsigned-binaries -strip-deterministic -strip-tool /Applications/Xcode.app/Contents/Developer/Toolchains/XcodeDefault.xctoolchain/usr/bin/strip -resolve-src-symlinks -rename /Users/puneeth/Documents/NotchApp/build/Build/Intermediates.noindex/Defaults.build/Release/Defaults.build/Objects-normal/arm64/Defaults.swiftdoc /Users/puneeth/Documents/NotchApp/build/Build/Products/Release/Defaults.swiftmodule/arm64-apple-macos.swiftdoc

Copy /Users/puneeth/Documents/NotchApp/build/Build/Products/Release/Defaults.swiftmodule/arm64-apple-macos.swiftmodule /Users/puneeth/Documents/NotchApp/build/Build/Intermediates.noindex/Defaults.build/Release/Defaults.build/Objects-normal/arm64/Defaults.swiftmodule (in target 'Defaults' from project 'Defaults')
    cd /Users/puneeth/Documents/NotchApp/build/SourcePackages/checkouts/Defaults
    builtin-copy -exclude .DS_Store -exclude CVS -exclude .svn -exclude .git -exclude .hg -strip-unsigned-binaries -strip-deterministic -strip-tool /Applications/Xcode.app/Contents/Developer/Toolchains/XcodeDefault.xctoolchain/usr/bin/strip -resolve-src-symlinks -rename /Users/puneeth/Documents/NotchApp/build/Build/Intermediates.noindex/Defaults.build/Release/Defaults.build/Objects-normal/arm64/Defaults.swiftmodule /Users/puneeth/Documents/NotchApp/build/Build/Products/Release/Defaults.swiftmodule/arm64-apple-macos.swiftmodule

Copy /Users/puneeth/Documents/NotchApp/build/Build/Products/Release/Defaults.swiftmodule/Project/arm64-apple-macos.swiftsourceinfo /Users/puneeth/Documents/NotchApp/build/Build/Intermediates.noindex/Defaults.build/Release/Defaults.build/Objects-normal/arm64/Defaults.swiftsourceinfo (in target 'Defaults' from project 'Defaults')
    cd /Users/puneeth/Documents/NotchApp/build/SourcePackages/checkouts/Defaults
    builtin-copy -exclude .DS_Store -exclude CVS -exclude .svn -exclude .git -exclude .hg -strip-unsigned-binaries -strip-deterministic -strip-tool /Applications/Xcode.app/Contents/Developer/Toolchains/XcodeDefault.xctoolchain/usr/bin/strip -resolve-src-symlinks -rename /Users/puneeth/Documents/NotchApp/build/Build/Intermediates.noindex/Defaults.build/Release/Defaults.build/Objects-normal/arm64/Defaults.swiftsourceinfo /Users/puneeth/Documents/NotchApp/build/Build/Products/Release/Defaults.swiftmodule/Project/arm64-apple-macos.swiftsourceinfo

Ld /Users/puneeth/Documents/NotchApp/build/Build/Products/Release/Defaults.o normal (in target 'Defaults' from project 'Defaults')
    cd /Users/puneeth/Documents/NotchApp/build/SourcePackages/checkouts/Defaults
    /Applications/Xcode.app/Contents/Developer/Toolchains/XcodeDefault.xctoolchain/usr/bin/clang -Xlinker -reproducible -target arm64-apple-macos11.0 -r -isysroot /Applications/Xcode.app/Contents/Developer/Platforms/MacOSX.platform/Developer/SDKs/MacOSX26.4.sdk -Os -w -F/Users/puneeth/Documents/NotchApp/build/Build/Intermediates.noindex/EagerLinkingTBDs/Release -F/Users/puneeth/Documents/NotchApp/build/Build/Products/Release -iframework /Applications/Xcode.app/Contents/Developer/Platforms/MacOSX.platform/Developer/Library/Frameworks -filelist /Users/puneeth/Documents/NotchApp/build/Build/Intermediates.noindex/Defaults.build/Release/Defaults.build/Objects-normal/arm64/Defaults.LinkFileList -nostdlib -Xlinker -object_path_lto -Xlinker /Users/puneeth/Documents/NotchApp/build/Build/Intermediates.noindex/Defaults.build/Release/Defaults.build/Objects-normal/arm64/Defaults_lto.o -Xlinker -dependency_info -Xlinker /Users/puneeth/Documents/NotchApp/build/Build/Intermediates.noindex/Defaults.build/Release/Defaults.build/Objects-normal/arm64/Defaults_dependency_info.dat -fobjc-link-runtime -L/Applications/Xcode.app/Contents/Developer/Toolchains/XcodeDefault.xctoolchain/usr/lib/swift/macosx -L/usr/lib/swift -Xlinker -add_ast_path -Xlinker /Users/puneeth/Documents/NotchApp/build/Build/Intermediates.noindex/Defaults.build/Release/Defaults.build/Objects-normal/arm64/Defaults.swiftmodule @/Users/puneeth/Documents/NotchApp/build/Build/Intermediates.noindex/Defaults.build/Release/Defaults.build/Objects-normal/arm64/Defaults-linker-args.resp -o /Users/puneeth/Documents/NotchApp/build/Build/Products/Release/Defaults.o

ExtractAppIntentsMetadata (in target 'Defaults' from project 'Defaults')
    cd /Users/puneeth/Documents/NotchApp/build/SourcePackages/checkouts/Defaults
    /Applications/Xcode.app/Contents/Developer/Toolchains/XcodeDefault.xctoolchain/usr/bin/appintentsmetadataprocessor --toolchain-dir /Applications/Xcode.app/Contents/Developer/Toolchains/XcodeDefault.xctoolchain --module-name Defaults --sdk-root /Applications/Xcode.app/Contents/Developer/Platforms/MacOSX.platform/Developer/SDKs/MacOSX26.4.sdk --xcode-version 17E202 --platform-family macOS --deployment-target 11.0 --bundle-identifier defaults.Defaults --output /Users/puneeth/Documents/NotchApp/build/Build/Products/Release/Defaults.appintents --target-triple arm64-apple-macos11.0 --binary-file /Users/puneeth/Documents/NotchApp/build/Build/Products/Release/Defaults.o --dependency-file /Users/puneeth/Documents/NotchApp/build/Build/Intermediates.noindex/Defaults.build/Release/Defaults.build/Objects-normal/arm64/Defaults_dependency_info.dat --stringsdata-file /Users/puneeth/Documents/NotchApp/build/Build/Intermediates.noindex/Defaults.build/Release/Defaults.build/Objects-normal/arm64/ExtractedAppShortcutsMetadata.stringsdata --source-file-list /Users/puneeth/Documents/NotchApp/build/Build/Intermediates.noindex/Defaults.build/Release/Defaults.build/Objects-normal/arm64/Defaults.SwiftFileList --metadata-file-list /Users/puneeth/Documents/NotchApp/build/Build/Intermediates.noindex/Defaults.build/Release/Defaults.build/Defaults.DependencyMetadataFileList --static-metadata-file-list /Users/puneeth/Documents/NotchApp/build/Build/Intermediates.noindex/Defaults.build/Release/Defaults.build/Defaults.DependencyStaticMetadataFileList --swift-const-vals-list /Users/puneeth/Documents/NotchApp/build/Build/Intermediates.noindex/Defaults.build/Release/Defaults.build/Objects-normal/arm64/Defaults.SwiftConstValuesFileList --force --compile-time-extraction --deployment-aware-processing --validate-assistant-intents --no-app-shortcuts-localization
2026-05-27 01:02:38.308 appintentsmetadataprocessor[37288:6887280] Starting appintentsmetadataprocessor export
2026-05-27 01:02:38.314 appintentsmetadataprocessor[37288:6887280] Extracted no relevant App Intents symbols, skipping writing output

RegisterExecutionPolicyException /Users/puneeth/Documents/NotchApp/build/Build/Products/Release/Defaults.o (in target 'Defaults' from project 'Defaults')
    cd /Users/puneeth/Documents/NotchApp/build/SourcePackages/checkouts/Defaults
    builtin-RegisterExecutionPolicyException /Users/puneeth/Documents/NotchApp/build/Build/Products/Release/Defaults.o

SwiftDriverJobDiscovery normal arm64 Compiling resource_bundle_accessor.swift, CarbonKeyboardShortcuts.swift, Key.swift, KeyboardShortcuts.swift, NSMenuItem++.swift, Name.swift, Recorder.swift, RecorderCocoa.swift, Shortcut.swift, Utilities.swift, ViewModifiers.swift (in target 'KeyboardShortcuts' from project 'KeyboardShortcuts')

SwiftDriver\ Compilation\ Requirements KeyboardShortcuts normal arm64 com.apple.xcode.tools.swift.compiler (in target 'KeyboardShortcuts' from project 'KeyboardShortcuts')
    cd /Users/puneeth/Documents/NotchApp/NotchApp.xcodeproj
    builtin-Swift-Compilation-Requirements -- /Applications/Xcode.app/Contents/Developer/Toolchains/XcodeDefault.xctoolchain/usr/bin/swiftc -module-name KeyboardShortcuts -O -whole-module-optimization @/Users/puneeth/Documents/NotchApp/build/Build/Intermediates.noindex/KeyboardShortcuts.build/Release/KeyboardShortcuts.build/Objects-normal/arm64/KeyboardShortcuts.SwiftFileList -DSWIFT_PACKAGE -DSWIFT_MODULE_RESOURCE_BUNDLE_AVAILABLE -DXcode -plugin-path /Applications/Xcode.app/Contents/Developer/Toolchains/XcodeDefault.xctoolchain/usr/lib/swift/host/plugins/testing -enable-experimental-feature DebugDescriptionMacro -sdk /Applications/Xcode.app/Contents/Developer/Platforms/MacOSX.platform/Developer/SDKs/MacOSX26.4.sdk -target arm64-apple-macos10.15 -g -module-cache-path /Users/puneeth/Documents/NotchApp/build/ModuleCache.noindex -Xfrontend -serialize-debugging-options -suppress-warnings -swift-version 5 -I /Users/puneeth/Documents/NotchApp/build/Build/Products/Release -Isystem /Applications/Xcode.app/Contents/Developer/Platforms/MacOSX.platform/Developer/usr/lib -F /Users/puneeth/Documents/NotchApp/build/Build/Products/Release -F /Applications/Xcode.app/Contents/Developer/Platforms/MacOSX.platform/Developer/Library/Frameworks -emit-localized-strings -emit-localized-strings-path /Users/puneeth/Documents/NotchApp/build/Build/Intermediates.noindex/KeyboardShortcuts.build/Release/KeyboardShortcuts.build/Objects-normal/arm64 -c -num-threads 10 -Xcc -ivfsstatcache -Xcc /Users/puneeth/Documents/NotchApp/build/SDKStatCaches.noindex/macosx26.4-25E251-30f9ca8789b706f8bd3fc906a70d770f.sdkstatcache -output-file-map /Users/puneeth/Documents/NotchApp/build/Build/Intermediates.noindex/KeyboardShortcuts.build/Release/KeyboardShortcuts.build/Objects-normal/arm64/KeyboardShortcuts-OutputFileMap.json -use-frontend-parseable-output -save-temps -no-color-diagnostics -explicit-module-build -module-cache-path /Users/puneeth/Documents/NotchApp/build/Build/Intermediates.noindex/SwiftExplicitPrecompiledModules -clang-scanner-module-cache-path /Users/puneeth/Documents/NotchApp/build/ModuleCache.noindex -sdk-module-cache-path /Users/puneeth/Documents/NotchApp/build/ModuleCache.noindex -serialize-diagnostics -emit-dependencies -emit-module -emit-module-path /Users/puneeth/Documents/NotchApp/build/Build/Intermediates.noindex/KeyboardShortcuts.build/Release/KeyboardShortcuts.build/Objects-normal/arm64/KeyboardShortcuts.swiftmodule -user-module-version 2.4.0 -validate-clang-modules-once -clang-build-session-file /Users/puneeth/Documents/NotchApp/build/ModuleCache.noindex/Session.modulevalidation -package-name keyboardshortcuts -Xcc -I/Users/puneeth/Documents/NotchApp/build/Build/Intermediates.noindex/KeyboardShortcuts.build/Release/KeyboardShortcuts.build/swift-overrides.hmap -emit-const-values -Xfrontend -const-gather-protocols-file -Xfrontend /Users/puneeth/Documents/NotchApp/build/Build/Intermediates.noindex/KeyboardShortcuts.build/Release/KeyboardShortcuts.build/Objects-normal/arm64/KeyboardShortcuts_const_extract_protocols.json -Xcc -I/Users/puneeth/Documents/NotchApp/build/Build/Products/Release/include -Xcc -I/Users/puneeth/Documents/NotchApp/build/Build/Intermediates.noindex/KeyboardShortcuts.build/Release/KeyboardShortcuts.build/DerivedSources-normal/arm64 -Xcc -I/Users/puneeth/Documents/NotchApp/build/Build/Intermediates.noindex/KeyboardShortcuts.build/Release/KeyboardShortcuts.build/DerivedSources/arm64 -Xcc -I/Users/puneeth/Documents/NotchApp/build/Build/Intermediates.noindex/KeyboardShortcuts.build/Release/KeyboardShortcuts.build/DerivedSources -Xcc -DSWIFT_PACKAGE -emit-objc-header -emit-objc-header-path /Users/puneeth/Documents/NotchApp/build/Build/Intermediates.noindex/KeyboardShortcuts.build/Release/KeyboardShortcuts.build/Objects-normal/arm64/KeyboardShortcuts-Swift.h -working-directory /Users/puneeth/Documents/NotchApp/NotchApp.xcodeproj -no-emit-module-separately-wmo

SwiftMergeGeneratedHeaders /Users/puneeth/Documents/NotchApp/build/Build/Intermediates.noindex/GeneratedModuleMaps/KeyboardShortcuts-Swift.h /Users/puneeth/Documents/NotchApp/build/Build/Intermediates.noindex/KeyboardShortcuts.build/Release/KeyboardShortcuts.build/Objects-normal/arm64/KeyboardShortcuts-Swift.h (in target 'KeyboardShortcuts' from project 'KeyboardShortcuts')
    cd /Users/puneeth/Documents/NotchApp/build/SourcePackages/checkouts/KeyboardShortcuts
    builtin-swiftHeaderTool -arch arm64 /Users/puneeth/Documents/NotchApp/build/Build/Intermediates.noindex/KeyboardShortcuts.build/Release/KeyboardShortcuts.build/Objects-normal/arm64/KeyboardShortcuts-Swift.h -o /Users/puneeth/Documents/NotchApp/build/Build/Intermediates.noindex/GeneratedModuleMaps/KeyboardShortcuts-Swift.h

Copy /Users/puneeth/Documents/NotchApp/build/Build/Products/Release/KeyboardShortcuts.swiftmodule/arm64-apple-macos.abi.json /Users/puneeth/Documents/NotchApp/build/Build/Intermediates.noindex/KeyboardShortcuts.build/Release/KeyboardShortcuts.build/Objects-normal/arm64/KeyboardShortcuts.abi.json (in target 'KeyboardShortcuts' from project 'KeyboardShortcuts')
    cd /Users/puneeth/Documents/NotchApp/build/SourcePackages/checkouts/KeyboardShortcuts
    builtin-copy -exclude .DS_Store -exclude CVS -exclude .svn -exclude .git -exclude .hg -strip-unsigned-binaries -strip-deterministic -strip-tool /Applications/Xcode.app/Contents/Developer/Toolchains/XcodeDefault.xctoolchain/usr/bin/strip -resolve-src-symlinks -rename /Users/puneeth/Documents/NotchApp/build/Build/Intermediates.noindex/KeyboardShortcuts.build/Release/KeyboardShortcuts.build/Objects-normal/arm64/KeyboardShortcuts.abi.json /Users/puneeth/Documents/NotchApp/build/Build/Products/Release/KeyboardShortcuts.swiftmodule/arm64-apple-macos.abi.json

Copy /Users/puneeth/Documents/NotchApp/build/Build/Products/Release/KeyboardShortcuts.swiftmodule/arm64-apple-macos.swiftdoc /Users/puneeth/Documents/NotchApp/build/Build/Intermediates.noindex/KeyboardShortcuts.build/Release/KeyboardShortcuts.build/Objects-normal/arm64/KeyboardShortcuts.swiftdoc (in target 'KeyboardShortcuts' from project 'KeyboardShortcuts')
    cd /Users/puneeth/Documents/NotchApp/build/SourcePackages/checkouts/KeyboardShortcuts
    builtin-copy -exclude .DS_Store -exclude CVS -exclude .svn -exclude .git -exclude .hg -strip-unsigned-binaries -strip-deterministic -strip-tool /Applications/Xcode.app/Contents/Developer/Toolchains/XcodeDefault.xctoolchain/usr/bin/strip -resolve-src-symlinks -rename /Users/puneeth/Documents/NotchApp/build/Build/Intermediates.noindex/KeyboardShortcuts.build/Release/KeyboardShortcuts.build/Objects-normal/arm64/KeyboardShortcuts.swiftdoc /Users/puneeth/Documents/NotchApp/build/Build/Products/Release/KeyboardShortcuts.swiftmodule/arm64-apple-macos.swiftdoc

Copy /Users/puneeth/Documents/NotchApp/build/Build/Products/Release/KeyboardShortcuts.swiftmodule/arm64-apple-macos.swiftmodule /Users/puneeth/Documents/NotchApp/build/Build/Intermediates.noindex/KeyboardShortcuts.build/Release/KeyboardShortcuts.build/Objects-normal/arm64/KeyboardShortcuts.swiftmodule (in target 'KeyboardShortcuts' from project 'KeyboardShortcuts')
    cd /Users/puneeth/Documents/NotchApp/build/SourcePackages/checkouts/KeyboardShortcuts
    builtin-copy -exclude .DS_Store -exclude CVS -exclude .svn -exclude .git -exclude .hg -strip-unsigned-binaries -strip-deterministic -strip-tool /Applications/Xcode.app/Contents/Developer/Toolchains/XcodeDefault.xctoolchain/usr/bin/strip -resolve-src-symlinks -rename /Users/puneeth/Documents/NotchApp/build/Build/Intermediates.noindex/KeyboardShortcuts.build/Release/KeyboardShortcuts.build/Objects-normal/arm64/KeyboardShortcuts.swiftmodule /Users/puneeth/Documents/NotchApp/build/Build/Products/Release/KeyboardShortcuts.swiftmodule/arm64-apple-macos.swiftmodule

Copy /Users/puneeth/Documents/NotchApp/build/Build/Products/Release/KeyboardShortcuts.swiftmodule/Project/arm64-apple-macos.swiftsourceinfo /Users/puneeth/Documents/NotchApp/build/Build/Intermediates.noindex/KeyboardShortcuts.build/Release/KeyboardShortcuts.build/Objects-normal/arm64/KeyboardShortcuts.swiftsourceinfo (in target 'KeyboardShortcuts' from project 'KeyboardShortcuts')
    cd /Users/puneeth/Documents/NotchApp/build/SourcePackages/checkouts/KeyboardShortcuts
    builtin-copy -exclude .DS_Store -exclude CVS -exclude .svn -exclude .git -exclude .hg -strip-unsigned-binaries -strip-deterministic -strip-tool /Applications/Xcode.app/Contents/Developer/Toolchains/XcodeDefault.xctoolchain/usr/bin/strip -resolve-src-symlinks -rename /Users/puneeth/Documents/NotchApp/build/Build/Intermediates.noindex/KeyboardShortcuts.build/Release/KeyboardShortcuts.build/Objects-normal/arm64/KeyboardShortcuts.swiftsourceinfo /Users/puneeth/Documents/NotchApp/build/Build/Products/Release/KeyboardShortcuts.swiftmodule/Project/arm64-apple-macos.swiftsourceinfo

Ld /Users/puneeth/Documents/NotchApp/build/Build/Products/Release/KeyboardShortcuts.o normal (in target 'KeyboardShortcuts' from project 'KeyboardShortcuts')
    cd /Users/puneeth/Documents/NotchApp/build/SourcePackages/checkouts/KeyboardShortcuts
    /Applications/Xcode.app/Contents/Developer/Toolchains/XcodeDefault.xctoolchain/usr/bin/clang -Xlinker -reproducible -target arm64-apple-macos10.15 -r -isysroot /Applications/Xcode.app/Contents/Developer/Platforms/MacOSX.platform/Developer/SDKs/MacOSX26.4.sdk -Os -w -F/Users/puneeth/Documents/NotchApp/build/Build/Intermediates.noindex/EagerLinkingTBDs/Release -F/Users/puneeth/Documents/NotchApp/build/Build/Products/Release -iframework /Applications/Xcode.app/Contents/Developer/Platforms/MacOSX.platform/Developer/Library/Frameworks -filelist /Users/puneeth/Documents/NotchApp/build/Build/Intermediates.noindex/KeyboardShortcuts.build/Release/KeyboardShortcuts.build/Objects-normal/arm64/KeyboardShortcuts.LinkFileList -nostdlib -Xlinker -object_path_lto -Xlinker /Users/puneeth/Documents/NotchApp/build/Build/Intermediates.noindex/KeyboardShortcuts.build/Release/KeyboardShortcuts.build/Objects-normal/arm64/KeyboardShortcuts_lto.o -Xlinker -dependency_info -Xlinker /Users/puneeth/Documents/NotchApp/build/Build/Intermediates.noindex/KeyboardShortcuts.build/Release/KeyboardShortcuts.build/Objects-normal/arm64/KeyboardShortcuts_dependency_info.dat -fobjc-link-runtime -L/Applications/Xcode.app/Contents/Developer/Toolchains/XcodeDefault.xctoolchain/usr/lib/swift/macosx -L/usr/lib/swift -Xlinker -add_ast_path -Xlinker /Users/puneeth/Documents/NotchApp/build/Build/Intermediates.noindex/KeyboardShortcuts.build/Release/KeyboardShortcuts.build/Objects-normal/arm64/KeyboardShortcuts.swiftmodule @/Users/puneeth/Documents/NotchApp/build/Build/Intermediates.noindex/KeyboardShortcuts.build/Release/KeyboardShortcuts.build/Objects-normal/arm64/KeyboardShortcuts-linker-args.resp -o /Users/puneeth/Documents/NotchApp/build/Build/Products/Release/KeyboardShortcuts.o

ProcessProductPackaging /Users/puneeth/Documents/NotchApp/NotchApp/NotchApp.entitlements /Users/puneeth/Documents/NotchApp/build/Build/Intermediates.noindex/NotchApp.build/Release/NotchApp.build/NotchApp.app.xcent (in target 'NotchApp' from project 'NotchApp')
    cd /Users/puneeth/Documents/NotchApp
    
    Entitlements:
    
    {
    "com.apple.security.app-sandbox" = 0;
    "com.apple.security.automation.apple-events" = 1;
    "com.apple.security.files.user-selected.read-write" = 1;
    "com.apple.security.get-task-allow" = 1;
    "com.apple.security.personal-information.calendars" = 1;
    "com.apple.security.personal-information.reminders" = 1;
}
    
    builtin-productPackagingUtility /Users/puneeth/Documents/NotchApp/NotchApp/NotchApp.entitlements -entitlements -format xml -o /Users/puneeth/Documents/NotchApp/build/Build/Intermediates.noindex/NotchApp.build/Release/NotchApp.build/NotchApp.app.xcent

ProcessProductPackagingDER /Users/puneeth/Documents/NotchApp/build/Build/Intermediates.noindex/NotchApp.build/Release/NotchApp.build/NotchApp.app.xcent /Users/puneeth/Documents/NotchApp/build/Build/Intermediates.noindex/NotchApp.build/Release/NotchApp.build/NotchApp.app.xcent.der (in target 'NotchApp' from project 'NotchApp')
    cd /Users/puneeth/Documents/NotchApp
    /usr/bin/derq query -f xml -i /Users/puneeth/Documents/NotchApp/build/Build/Intermediates.noindex/NotchApp.build/Release/NotchApp.build/NotchApp.app.xcent -o /Users/puneeth/Documents/NotchApp/build/Build/Intermediates.noindex/NotchApp.build/Release/NotchApp.build/NotchApp.app.xcent.der --raw

GenerateAssetSymbols /Users/puneeth/Documents/NotchApp/NotchApp/Assets.xcassets (in target 'NotchApp' from project 'NotchApp')
    cd /Users/puneeth/Documents/NotchApp
    /Applications/Xcode.app/Contents/Developer/usr/bin/actool /Users/puneeth/Documents/NotchApp/NotchApp/Assets.xcassets --compile /Users/puneeth/Documents/NotchApp/build/Build/Products/Release/NotchApp.app/Contents/Resources --output-format human-readable-text --notices --warnings --export-dependency-info /Users/puneeth/Documents/NotchApp/build/Build/Intermediates.noindex/NotchApp.build/Release/NotchApp.build/assetcatalog_dependencies --output-partial-info-plist /Users/puneeth/Documents/NotchApp/build/Build/Intermediates.noindex/NotchApp.build/Release/NotchApp.build/assetcatalog_generated_info.plist --app-icon AppIcon --accent-color AccentColor --enable-on-demand-resources NO --development-region en --target-device mac --minimum-deployment-target 14.0 --platform macosx --bundle-identifier Nia.NotchApp --generate-swift-asset-symbols /Users/puneeth/Documents/NotchApp/build/Build/Intermediates.noindex/NotchApp.build/Release/NotchApp.build/DerivedSources/GeneratedAssetSymbols.swift --generate-objc-asset-symbols /Users/puneeth/Documents/NotchApp/build/Build/Intermediates.noindex/NotchApp.build/Release/NotchApp.build/DerivedSources/GeneratedAssetSymbols.h --generate-asset-symbol-index /Users/puneeth/Documents/NotchApp/build/Build/Intermediates.noindex/NotchApp.build/Release/NotchApp.build/DerivedSources/GeneratedAssetSymbols-Index.plist
/* com.apple.actool.compilation-results */
/Users/puneeth/Documents/NotchApp/build/Build/Intermediates.noindex/NotchApp.build/Release/NotchApp.build/DerivedSources/GeneratedAssetSymbols-Index.plist
/Users/puneeth/Documents/NotchApp/build/Build/Intermediates.noindex/NotchApp.build/Release/NotchApp.build/DerivedSources/GeneratedAssetSymbols.h
/Users/puneeth/Documents/NotchApp/build/Build/Intermediates.noindex/NotchApp.build/Release/NotchApp.build/DerivedSources/GeneratedAssetSymbols.swift


MkDir /Users/puneeth/Documents/NotchApp/build/Build/Intermediates.noindex/NotchApp.build/Release/NotchApp.build/assetcatalog_output/thinned (in target 'NotchApp' from project 'NotchApp')
    cd /Users/puneeth/Documents/NotchApp
    /bin/mkdir -p /Users/puneeth/Documents/NotchApp/build/Build/Intermediates.noindex/NotchApp.build/Release/NotchApp.build/assetcatalog_output/thinned

MkDir /Users/puneeth/Documents/NotchApp/build/Build/Intermediates.noindex/NotchApp.build/Release/NotchApp.build/assetcatalog_output/unthinned (in target 'NotchApp' from project 'NotchApp')
    cd /Users/puneeth/Documents/NotchApp
    /bin/mkdir -p /Users/puneeth/Documents/NotchApp/build/Build/Intermediates.noindex/NotchApp.build/Release/NotchApp.build/assetcatalog_output/unthinned

CompileAssetCatalogVariant thinned /Users/puneeth/Documents/NotchApp/build/Build/Products/Release/NotchApp.app/Contents/Resources /Users/puneeth/Documents/NotchApp/NotchApp/Assets.xcassets (in target 'NotchApp' from project 'NotchApp')
    cd /Users/puneeth/Documents/NotchApp
    /Applications/Xcode.app/Contents/Developer/usr/bin/actool /Users/puneeth/Documents/NotchApp/NotchApp/Assets.xcassets --compile /Users/puneeth/Documents/NotchApp/build/Build/Intermediates.noindex/NotchApp.build/Release/NotchApp.build/assetcatalog_output/thinned --output-format human-readable-text --notices --warnings --export-dependency-info /Users/puneeth/Documents/NotchApp/build/Build/Intermediates.noindex/NotchApp.build/Release/NotchApp.build/assetcatalog_dependencies_thinned --output-partial-info-plist /Users/puneeth/Documents/NotchApp/build/Build/Intermediates.noindex/NotchApp.build/Release/NotchApp.build/assetcatalog_generated_info.plist_thinned --app-icon AppIcon --accent-color AccentColor --enable-on-demand-resources NO --development-region en --target-device mac --minimum-deployment-target 14.0 --platform macosx
/* com.apple.actool.compilation-results */
/Users/puneeth/Documents/NotchApp/build/Build/Intermediates.noindex/NotchApp.build/Release/NotchApp.build/assetcatalog_generated_info.plist_thinned
/Users/puneeth/Documents/NotchApp/build/Build/Intermediates.noindex/NotchApp.build/Release/NotchApp.build/assetcatalog_output/thinned/Assets.car


SwiftDriver NotchApp normal arm64 com.apple.xcode.tools.swift.compiler (in target 'NotchApp' from project 'NotchApp')
    cd /Users/puneeth/Documents/NotchApp
    builtin-SwiftDriver -- /Applications/Xcode.app/Contents/Developer/Toolchains/XcodeDefault.xctoolchain/usr/bin/swiftc -module-name NotchApp -O -whole-module-optimization @/Users/puneeth/Documents/NotchApp/build/Build/Intermediates.noindex/NotchApp.build/Release/NotchApp.build/Objects-normal/arm64/NotchApp.SwiftFileList -default-isolation\=MainActor -enable-bare-slash-regex -enable-upcoming-feature DisableOutwardActorInference -enable-upcoming-feature InferSendableFromCaptures -enable-upcoming-feature GlobalActorIsolatedTypesUsability -enable-upcoming-feature MemberImportVisibility -enable-upcoming-feature InferIsolatedConformances -enable-upcoming-feature NonisolatedNonsendingByDefault -enable-experimental-feature DebugDescriptionMacro -sdk /Applications/Xcode.app/Contents/Developer/Platforms/MacOSX.platform/Developer/SDKs/MacOSX26.4.sdk -target arm64-apple-macos14.0 -g -module-cache-path /Users/puneeth/Documents/NotchApp/build/ModuleCache.noindex -Xfrontend -serialize-debugging-options -swift-version 5 -I /Users/puneeth/Documents/NotchApp/build/Build/Products/Release -F /Users/puneeth/Documents/NotchApp/build/Build/Products/Release/PackageFrameworks -F /Users/puneeth/Documents/NotchApp/build/Build/Products/Release/PackageFrameworks -F /Users/puneeth/Documents/NotchApp/build/Build/Products/Release/PackageFrameworks -F /Users/puneeth/Documents/NotchApp/build/Build/Products/Release -emit-localized-strings -emit-localized-strings-path /Users/puneeth/Documents/NotchApp/build/Build/Intermediates.noindex/NotchApp.build/Release/NotchApp.build/Objects-normal/arm64 -c -num-threads 10 -Xcc -ivfsstatcache -Xcc /Users/puneeth/Documents/NotchApp/build/SDKStatCaches.noindex/macosx26.4-25E251-30f9ca8789b706f8bd3fc906a70d770f.sdkstatcache -output-file-map /Users/puneeth/Documents/NotchApp/build/Build/Intermediates.noindex/NotchApp.build/Release/NotchApp.build/Objects-normal/arm64/NotchApp-OutputFileMap.json -use-frontend-parseable-output -save-temps -no-color-diagnostics -explicit-module-build -module-cache-path /Users/puneeth/Documents/NotchApp/build/Build/Intermediates.noindex/SwiftExplicitPrecompiledModules -clang-scanner-module-cache-path /Users/puneeth/Documents/NotchApp/build/ModuleCache.noindex -sdk-module-cache-path /Users/puneeth/Documents/NotchApp/build/ModuleCache.noindex -serialize-diagnostics -emit-dependencies -emit-module -emit-module-path /Users/puneeth/Documents/NotchApp/build/Build/Intermediates.noindex/NotchApp.build/Release/NotchApp.build/Objects-normal/arm64/NotchApp.swiftmodule -validate-clang-modules-once -clang-build-session-file /Users/puneeth/Documents/NotchApp/build/ModuleCache.noindex/Session.modulevalidation -Xcc -I/Users/puneeth/Documents/NotchApp/build/Build/Intermediates.noindex/NotchApp.build/Release/NotchApp.build/swift-overrides.hmap -emit-const-values -Xfrontend -const-gather-protocols-file -Xfrontend /Users/puneeth/Documents/NotchApp/build/Build/Intermediates.noindex/NotchApp.build/Release/NotchApp.build/Objects-normal/arm64/NotchApp_const_extract_protocols.json -Xcc -iquote -Xcc /Users/puneeth/Documents/NotchApp/build/Build/Intermediates.noindex/NotchApp.build/Release/NotchApp.build/NotchApp-generated-files.hmap -Xcc -I/Users/puneeth/Documents/NotchApp/build/Build/Intermediates.noindex/NotchApp.build/Release/NotchApp.build/NotchApp-own-target-headers.hmap -Xcc -I/Users/puneeth/Documents/NotchApp/build/Build/Intermediates.noindex/NotchApp.build/Release/NotchApp.build/NotchApp-all-non-framework-target-headers.hmap -Xcc -ivfsoverlay -Xcc /Users/puneeth/Documents/NotchApp/build/Build/Intermediates.noindex/NotchApp.build/Release/NotchApp-43d371e75e42fb2fedff4baeb6f11e61-VFS/all-product-headers.yaml -Xcc -iquote -Xcc /Users/puneeth/Documents/NotchApp/build/Build/Intermediates.noindex/NotchApp.build/Release/NotchApp.build/NotchApp-project-headers.hmap -Xcc -I/Users/puneeth/Documents/NotchApp/build/Build/Products/Release/include -Xcc -I/Users/puneeth/Documents/NotchApp/build/Build/Intermediates.noindex/NotchApp.build/Release/NotchApp.build/DerivedSources-normal/arm64 -Xcc -I/Users/puneeth/Documents/NotchApp/build/Build/Intermediates.noindex/NotchApp.build/Release/NotchApp.build/DerivedSources/arm64 -Xcc -I/Users/puneeth/Documents/NotchApp/build/Build/Intermediates.noindex/NotchApp.build/Release/NotchApp.build/DerivedSources -emit-objc-header -emit-objc-header-path /Users/puneeth/Documents/NotchApp/build/Build/Intermediates.noindex/NotchApp.build/Release/NotchApp.build/Objects-normal/arm64/NotchApp-Swift.h -working-directory /Users/puneeth/Documents/NotchApp -no-emit-module-separately-wmo

ExtractAppIntentsMetadata (in target 'KeyboardShortcuts' from project 'KeyboardShortcuts')
    cd /Users/puneeth/Documents/NotchApp/build/SourcePackages/checkouts/KeyboardShortcuts
    /Applications/Xcode.app/Contents/Developer/Toolchains/XcodeDefault.xctoolchain/usr/bin/appintentsmetadataprocessor --toolchain-dir /Applications/Xcode.app/Contents/Developer/Toolchains/XcodeDefault.xctoolchain --module-name KeyboardShortcuts --sdk-root /Applications/Xcode.app/Contents/Developer/Platforms/MacOSX.platform/Developer/SDKs/MacOSX26.4.sdk --xcode-version 17E202 --platform-family macOS --deployment-target 10.15 --bundle-identifier keyboardshortcuts.KeyboardShortcuts --output /Users/puneeth/Documents/NotchApp/build/Build/Products/Release/KeyboardShortcuts.appintents --target-triple arm64-apple-macos10.15 --binary-file /Users/puneeth/Documents/NotchApp/build/Build/Products/Release/KeyboardShortcuts.o --dependency-file /Users/puneeth/Documents/NotchApp/build/Build/Intermediates.noindex/KeyboardShortcuts.build/Release/KeyboardShortcuts.build/Objects-normal/arm64/KeyboardShortcuts_dependency_info.dat --stringsdata-file /Users/puneeth/Documents/NotchApp/build/Build/Intermediates.noindex/KeyboardShortcuts.build/Release/KeyboardShortcuts.build/Objects-normal/arm64/ExtractedAppShortcutsMetadata.stringsdata --source-file-list /Users/puneeth/Documents/NotchApp/build/Build/Intermediates.noindex/KeyboardShortcuts.build/Release/KeyboardShortcuts.build/Objects-normal/arm64/KeyboardShortcuts.SwiftFileList --metadata-file-list /Users/puneeth/Documents/NotchApp/build/Build/Intermediates.noindex/KeyboardShortcuts.build/Release/KeyboardShortcuts.build/KeyboardShortcuts.DependencyMetadataFileList --static-metadata-file-list /Users/puneeth/Documents/NotchApp/build/Build/Intermediates.noindex/KeyboardShortcuts.build/Release/KeyboardShortcuts.build/KeyboardShortcuts.DependencyStaticMetadataFileList --swift-const-vals-list /Users/puneeth/Documents/NotchApp/build/Build/Intermediates.noindex/KeyboardShortcuts.build/Release/KeyboardShortcuts.build/Objects-normal/arm64/KeyboardShortcuts.SwiftConstValuesFileList --force --compile-time-extraction --deployment-aware-processing --validate-assistant-intents --no-app-shortcuts-localization
2026-05-27 01:02:39.293 appintentsmetadataprocessor[37299:6887357] Starting appintentsmetadataprocessor export
2026-05-27 01:02:39.298 appintentsmetadataprocessor[37299:6887357] Extracted no relevant App Intents symbols, skipping writing output

RegisterExecutionPolicyException /Users/puneeth/Documents/NotchApp/build/Build/Products/Release/KeyboardShortcuts.o (in target 'KeyboardShortcuts' from project 'KeyboardShortcuts')
    cd /Users/puneeth/Documents/NotchApp/build/SourcePackages/checkouts/KeyboardShortcuts
    builtin-RegisterExecutionPolicyException /Users/puneeth/Documents/NotchApp/build/Build/Products/Release/KeyboardShortcuts.o

CopyPNGFile /Users/puneeth/Documents/NotchApp/build/Build/Products/Release/NotchApp.app/Contents/Resources/DefaultMusicThumbnail.png /Users/puneeth/Documents/NotchApp/NotchApp/Resources/DefaultMusicThumbnail.png (in target 'NotchApp' from project 'NotchApp')
    cd /Users/puneeth/Documents/NotchApp
    /Applications/Xcode.app/Contents/Developer/usr/bin/copypng /Users/puneeth/Documents/NotchApp/NotchApp/Resources/DefaultMusicThumbnail.png /Users/puneeth/Documents/NotchApp/build/Build/Products/Release/NotchApp.app/Contents/Resources/DefaultMusicThumbnail.png

CopyPlistFile /Users/puneeth/Documents/NotchApp/build/Build/Products/Release/NotchApp.app/Contents/Resources/Info.plist /Users/puneeth/Documents/NotchApp/NotchApp/Info.plist (in target 'NotchApp' from project 'NotchApp')
    cd /Users/puneeth/Documents/NotchApp
    builtin-copyPlist --outdir /Users/puneeth/Documents/NotchApp/build/Build/Products/Release/NotchApp.app/Contents/Resources -- /Users/puneeth/Documents/NotchApp/NotchApp/Info.plist

Copy /Users/puneeth/Documents/NotchApp/build/Build/Products/Release/NotchApp.app/Contents/Resources/KeyboardShortcuts_KeyboardShortcuts.bundle /Users/puneeth/Documents/NotchApp/build/Build/Products/Release/KeyboardShortcuts_KeyboardShortcuts.bundle (in target 'NotchApp' from project 'NotchApp')
    cd /Users/puneeth/Documents/NotchApp
    builtin-copy -exclude .DS_Store -exclude CVS -exclude .svn -exclude .git -exclude .hg -resolve-src-symlinks /Users/puneeth/Documents/NotchApp/build/Build/Products/Release/KeyboardShortcuts_KeyboardShortcuts.bundle /Users/puneeth/Documents/NotchApp/build/Build/Products/Release/NotchApp.app/Contents/Resources

Copy /Users/puneeth/Documents/NotchApp/build/Build/Products/Release/NotchApp.app/Contents/Resources/Defaults_Defaults.bundle /Users/puneeth/Documents/NotchApp/build/Build/Products/Release/Defaults_Defaults.bundle (in target 'NotchApp' from project 'NotchApp')
    cd /Users/puneeth/Documents/NotchApp
    builtin-copy -exclude .DS_Store -exclude CVS -exclude .svn -exclude .git -exclude .hg -resolve-src-symlinks /Users/puneeth/Documents/NotchApp/build/Build/Products/Release/Defaults_Defaults.bundle /Users/puneeth/Documents/NotchApp/build/Build/Products/Release/NotchApp.app/Contents/Resources

Copy /Users/puneeth/Documents/NotchApp/build/Build/Products/Release/NotchApp.app/Contents/Frameworks/Sparkle.framework /Users/puneeth/Documents/NotchApp/build/SourcePackages/artifacts/sparkle/Sparkle/Sparkle.xcframework/macos-arm64_x86_64/Sparkle.framework (in target 'NotchApp' from project 'NotchApp')
    cd /Users/puneeth/Documents/NotchApp
    builtin-copy -exclude .DS_Store -exclude CVS -exclude .svn -exclude .git -exclude .hg -exclude Headers -exclude PrivateHeaders -exclude Modules -exclude \*.tbd -resolve-src-symlinks -remove-static-executable /Users/puneeth/Documents/NotchApp/build/SourcePackages/artifacts/sparkle/Sparkle/Sparkle.xcframework/macos-arm64_x86_64/Sparkle.framework /Users/puneeth/Documents/NotchApp/build/Build/Products/Release/NotchApp.app/Contents/Frameworks

CodeSign /Users/puneeth/Documents/NotchApp/build/Build/Products/Release/NotchApp.app/Contents/Frameworks/Sparkle.framework/Versions/B (in target 'NotchApp' from project 'NotchApp')
    cd /Users/puneeth/Documents/NotchApp
    
    Signing Identity:     "Sign to Run Locally"
    
    /usr/bin/codesign --force --sign - -o runtime --timestamp\=none --preserve-metadata\=identifier,entitlements,flags --generate-entitlement-der /Users/puneeth/Documents/NotchApp/build/Build/Products/Release/NotchApp.app/Contents/Frameworks/Sparkle.framework/Versions/B
/Users/puneeth/Documents/NotchApp/build/Build/Products/Release/NotchApp.app/Contents/Frameworks/Sparkle.framework/Versions/B: replacing existing signature

SwiftDriver\ Compilation NotchApp normal arm64 com.apple.xcode.tools.swift.compiler (in target 'NotchApp' from project 'NotchApp')
    cd /Users/puneeth/Documents/NotchApp
    builtin-Swift-Compilation -- /Applications/Xcode.app/Contents/Developer/Toolchains/XcodeDefault.xctoolchain/usr/bin/swiftc -module-name NotchApp -O -whole-module-optimization @/Users/puneeth/Documents/NotchApp/build/Build/Intermediates.noindex/NotchApp.build/Release/NotchApp.build/Objects-normal/arm64/NotchApp.SwiftFileList -default-isolation\=MainActor -enable-bare-slash-regex -enable-upcoming-feature DisableOutwardActorInference -enable-upcoming-feature InferSendableFromCaptures -enable-upcoming-feature GlobalActorIsolatedTypesUsability -enable-upcoming-feature MemberImportVisibility -enable-upcoming-feature InferIsolatedConformances -enable-upcoming-feature NonisolatedNonsendingByDefault -enable-experimental-feature DebugDescriptionMacro -sdk /Applications/Xcode.app/Contents/Developer/Platforms/MacOSX.platform/Developer/SDKs/MacOSX26.4.sdk -target arm64-apple-macos14.0 -g -module-cache-path /Users/puneeth/Documents/NotchApp/build/ModuleCache.noindex -Xfrontend -serialize-debugging-options -swift-version 5 -I /Users/puneeth/Documents/NotchApp/build/Build/Products/Release -F /Users/puneeth/Documents/NotchApp/build/Build/Products/Release/PackageFrameworks -F /Users/puneeth/Documents/NotchApp/build/Build/Products/Release/PackageFrameworks -F /Users/puneeth/Documents/NotchApp/build/Build/Products/Release/PackageFrameworks -F /Users/puneeth/Documents/NotchApp/build/Build/Products/Release -emit-localized-strings -emit-localized-strings-path /Users/puneeth/Documents/NotchApp/build/Build/Intermediates.noindex/NotchApp.build/Release/NotchApp.build/Objects-normal/arm64 -c -num-threads 10 -Xcc -ivfsstatcache -Xcc /Users/puneeth/Documents/NotchApp/build/SDKStatCaches.noindex/macosx26.4-25E251-30f9ca8789b706f8bd3fc906a70d770f.sdkstatcache -output-file-map /Users/puneeth/Documents/NotchApp/build/Build/Intermediates.noindex/NotchApp.build/Release/NotchApp.build/Objects-normal/arm64/NotchApp-OutputFileMap.json -use-frontend-parseable-output -save-temps -no-color-diagnostics -explicit-module-build -module-cache-path /Users/puneeth/Documents/NotchApp/build/Build/Intermediates.noindex/SwiftExplicitPrecompiledModules -clang-scanner-module-cache-path /Users/puneeth/Documents/NotchApp/build/ModuleCache.noindex -sdk-module-cache-path /Users/puneeth/Documents/NotchApp/build/ModuleCache.noindex -serialize-diagnostics -emit-dependencies -emit-module -emit-module-path /Users/puneeth/Documents/NotchApp/build/Build/Intermediates.noindex/NotchApp.build/Release/NotchApp.build/Objects-normal/arm64/NotchApp.swiftmodule -validate-clang-modules-once -clang-build-session-file /Users/puneeth/Documents/NotchApp/build/ModuleCache.noindex/Session.modulevalidation -Xcc -I/Users/puneeth/Documents/NotchApp/build/Build/Intermediates.noindex/NotchApp.build/Release/NotchApp.build/swift-overrides.hmap -emit-const-values -Xfrontend -const-gather-protocols-file -Xfrontend /Users/puneeth/Documents/NotchApp/build/Build/Intermediates.noindex/NotchApp.build/Release/NotchApp.build/Objects-normal/arm64/NotchApp_const_extract_protocols.json -Xcc -iquote -Xcc /Users/puneeth/Documents/NotchApp/build/Build/Intermediates.noindex/NotchApp.build/Release/NotchApp.build/NotchApp-generated-files.hmap -Xcc -I/Users/puneeth/Documents/NotchApp/build/Build/Intermediates.noindex/NotchApp.build/Release/NotchApp.build/NotchApp-own-target-headers.hmap -Xcc -I/Users/puneeth/Documents/NotchApp/build/Build/Intermediates.noindex/NotchApp.build/Release/NotchApp.build/NotchApp-all-non-framework-target-headers.hmap -Xcc -ivfsoverlay -Xcc /Users/puneeth/Documents/NotchApp/build/Build/Intermediates.noindex/NotchApp.build/Release/NotchApp-43d371e75e42fb2fedff4baeb6f11e61-VFS/all-product-headers.yaml -Xcc -iquote -Xcc /Users/puneeth/Documents/NotchApp/build/Build/Intermediates.noindex/NotchApp.build/Release/NotchApp.build/NotchApp-project-headers.hmap -Xcc -I/Users/puneeth/Documents/NotchApp/build/Build/Products/Release/include -Xcc -I/Users/puneeth/Documents/NotchApp/build/Build/Intermediates.noindex/NotchApp.build/Release/NotchApp.build/DerivedSources-normal/arm64 -Xcc -I/Users/puneeth/Documents/NotchApp/build/Build/Intermediates.noindex/NotchApp.build/Release/NotchApp.build/DerivedSources/arm64 -Xcc -I/Users/puneeth/Documents/NotchApp/build/Build/Intermediates.noindex/NotchApp.build/Release/NotchApp.build/DerivedSources -emit-objc-header -emit-objc-header-path /Users/puneeth/Documents/NotchApp/build/Build/Intermediates.noindex/NotchApp.build/Release/NotchApp.build/Objects-normal/arm64/NotchApp-Swift.h -working-directory /Users/puneeth/Documents/NotchApp -no-emit-module-separately-wmo

SwiftCompile normal arm64 Compiling\ AppDelegate.swift,\ AppState.swift,\ NotchAppApp.swift,\ NotchState.swift,\ PersistenceController.swift,\ SettingsManager.swift,\ NotchBreakoutView.swift,\ NotchFlappyView.swift,\ NotchSnakeView.swift,\ CalendarManager.swift,\ CGSSpaceOverlay.swift,\ LauncherManager.swift,\ MediaPlayerManager.swift,\ NotchExpandedView.swift,\ NotchOverlayView.swift,\ NotchShape.swift,\ NotchWindowController.swift,\ NSImage+Color.swift,\ PreviewWindowController.swift,\ SystemMonitorManager.swift,\ TimerManager.swift,\ CaptureManager.swift,\ ScreenshotActionBar.swift,\ ScreenshotAnalyzer.swift,\ ScreenshotEditorWindow.swift,\ ScreenshotFloatingPreview.swift,\ ScreenshotGalleryView.swift,\ ScreenshotItem.swift,\ ScreenshotMonitor.swift,\ ScreenshotNamingView.swift,\ ScreenshotPreviewPopup.swift,\ SettingsView.swift,\ NotchlyHubView.swift,\ NotchlyHubWindowController.swift,\ VisualEffectView.swift,\ GeneratedAssetSymbols.swift /Users/puneeth/Documents/NotchApp/NotchApp/App/AppDelegate.swift /Users/puneeth/Documents/NotchApp/NotchApp/App/AppState.swift /Users/puneeth/Documents/NotchApp/NotchApp/App/NotchAppApp.swift /Users/puneeth/Documents/NotchApp/NotchApp/App/NotchState.swift /Users/puneeth/Documents/NotchApp/NotchApp/App/PersistenceController.swift /Users/puneeth/Documents/NotchApp/NotchApp/App/SettingsManager.swift /Users/puneeth/Documents/NotchApp/NotchApp/Games/NotchBreakoutView.swift /Users/puneeth/Documents/NotchApp/NotchApp/Games/NotchFlappyView.swift /Users/puneeth/Documents/NotchApp/NotchApp/Games/NotchSnakeView.swift /Users/puneeth/Documents/NotchApp/NotchApp/Notch/CalendarManager.swift /Users/puneeth/Documents/NotchApp/NotchApp/Notch/CGSSpaceOverlay.swift /Users/puneeth/Documents/NotchApp/NotchApp/Notch/LauncherManager.swift /Users/puneeth/Documents/NotchApp/NotchApp/Notch/MediaPlayerManager.swift /Users/puneeth/Documents/NotchApp/NotchApp/Notch/NotchExpandedView.swift /Users/puneeth/Documents/NotchApp/NotchApp/Notch/NotchOverlayView.swift /Users/puneeth/Documents/NotchApp/NotchApp/Notch/NotchShape.swift /Users/puneeth/Documents/NotchApp/NotchApp/Notch/NotchWindowController.swift /Users/puneeth/Documents/NotchApp/NotchApp/Notch/NSImage+Color.swift /Users/puneeth/Documents/NotchApp/NotchApp/Notch/PreviewWindowController.swift /Users/puneeth/Documents/NotchApp/NotchApp/Notch/SystemMonitorManager.swift /Users/puneeth/Documents/NotchApp/NotchApp/Notch/TimerManager.swift /Users/puneeth/Documents/NotchApp/NotchApp/Screenshots/CaptureManager.swift /Users/puneeth/Documents/NotchApp/NotchApp/Screenshots/ScreenshotActionBar.swift /Users/puneeth/Documents/NotchApp/NotchApp/Screenshots/ScreenshotAnalyzer.swift /Users/puneeth/Documents/NotchApp/NotchApp/Screenshots/ScreenshotEditorWindow.swift /Users/puneeth/Documents/NotchApp/NotchApp/Screenshots/ScreenshotFloatingPreview.swift /Users/puneeth/Documents/NotchApp/NotchApp/Screenshots/ScreenshotGalleryView.swift /Users/puneeth/Documents/NotchApp/NotchApp/Screenshots/ScreenshotItem.swift /Users/puneeth/Documents/NotchApp/NotchApp/Screenshots/ScreenshotMonitor.swift /Users/puneeth/Documents/NotchApp/NotchApp/Screenshots/ScreenshotNamingView.swift /Users/puneeth/Documents/NotchApp/NotchApp/Screenshots/ScreenshotPreviewPopup.swift /Users/puneeth/Documents/NotchApp/NotchApp/Settings/SettingsView.swift /Users/puneeth/Documents/NotchApp/NotchApp/UI/NotchlyHubView.swift /Users/puneeth/Documents/NotchApp/NotchApp/UI/NotchlyHubWindowController.swift /Users/puneeth/Documents/NotchApp/NotchApp/UI/VisualEffectView.swift /Users/puneeth/Documents/NotchApp/build/Build/Intermediates.noindex/NotchApp.build/Release/NotchApp.build/DerivedSources/GeneratedAssetSymbols.swift /Applications/Xcode.app/Contents/Developer/Toolchains/XcodeDefault.xctoolchain/usr/lib/swift/macosx/prebuilt-modules/26.4/_Builtin_float.swiftmodule/arm64e-apple-macos.swiftmodule /Applications/Xcode.app/Contents/Developer/Toolchains/XcodeDefault.xctoolchain/usr/lib/swift/macosx/prebuilt-modules/26.4/CoreML.swiftmodule/arm64e-apple-macos.swiftmodule /Applications/Xcode.app/Contents/Developer/Toolchains/XcodeDefault.xctoolchain/usr/lib/swift/macosx/prebuilt-modules/26.4/CoreVideo.swiftmodule/arm64e-apple-macos.swiftmodule /Applications/Xcode.app/Contents/Developer/Toolchains/XcodeDefault.xctoolchain/usr/lib/swift/macosx/prebuilt-modules/26.4/CoreText.swiftmodule/arm64e-apple-macos.swiftmodule /Applications/Xcode.app/Contents/Developer/Toolchains/XcodeDefault.xctoolchain/usr/lib/swift/macosx/prebuilt-modules/26.4/Observation.swiftmodule/arm64e-apple-macos.swiftmodule /Applications/Xcode.app/Contents/Developer/Toolchains/XcodeDefault.xctoolchain/usr/lib/swift/macosx/prebuilt-modules/26.4/Accessibility.swiftmodule/arm64e-apple-macos.swiftmodule /Applications/Xcode.app/Contents/Developer/Toolchains/XcodeDefault.xctoolchain/usr/lib/swift/macosx/prebuilt-modules/26.4/Spatial.swiftmodule/arm64e-apple-macos.swiftmodule /Applications/Xcode.app/Contents/Developer/Toolchains/XcodeDefault.xctoolchain/usr/lib/swift/macosx/prebuilt-modules/26.4/XPC.swiftmodule/arm64e-apple-macos.swiftmodule /Applications/Xcode.app/Contents/Developer/Toolchains/XcodeDefault.xctoolchain/usr/lib/swift/macosx/prebuilt-modules/26.4/CoreMIDI.swiftmodule/arm64e-apple-macos.swiftmodule /Applications/Xcode.app/Contents/Developer/Toolchains/XcodeDefault.xctoolchain/usr/lib/swift/macosx/prebuilt-modules/26.4/CoreTransferable.swiftmodule/arm64e-apple-macos.swiftmodule /Applications/Xcode.app/Contents/Developer/Toolchains/XcodeDefault.xctoolchain/usr/lib/swift/macosx/prebuilt-modules/26.4/Vision.swiftmodule/arm64e-apple-macos.swiftmodule /Applications/Xcode.app/Contents/Developer/Toolchains/XcodeDefault.xctoolchain/usr/lib/swift/macosx/prebuilt-modules/26.4/CoreImage.swiftmodule/arm64e-apple-macos.swiftmodule /Applications/Xcode.app/Contents/Developer/Toolchains/XcodeDefault.xctoolchain/usr/lib/swift/macosx/prebuilt-modules/26.4/CoreAudio.swiftmodule/arm64e-apple-macos.swiftmodule /Applications/Xcode.app/Contents/Developer/Toolchains/XcodeDefault.xctoolchain/usr/lib/swift/macosx/prebuilt-modules/26.4/IOKit.swiftmodule/arm64e-apple-macos.swiftmodule /Applications/Xcode.app/Contents/Developer/Toolchains/XcodeDefault.xctoolchain/usr/lib/swift/macosx/prebuilt-modules/26.4/_DarwinFoundation2.swiftmodule/arm64e-apple-macos.swiftmodule /Applications/Xcode.app/Contents/Developer/Toolchains/XcodeDefault.xctoolchain/usr/lib/swift/macosx/prebuilt-modules/26.4/Accelerate.swiftmodule/arm64e-apple-macos.swiftmodule /Applications/Xcode.app/Contents/Developer/Toolchains/XcodeDefault.xctoolchain/usr/lib/swift/macosx/prebuilt-modules/26.4/Synchronization.swiftmodule/arm64e-apple-macos.swiftmodule /Applications/Xcode.app/Contents/Developer/Toolchains/XcodeDefault.xctoolchain/usr/lib/swift/macosx/prebuilt-modules/26.4/SwiftUI.swiftmodule/arm64e-apple-macos.swiftmodule /Applications/Xcode.app/Contents/Developer/Toolchains/XcodeDefault.xctoolchain/usr/lib/swift/macosx/prebuilt-modules/26.4/Symbols.swiftmodule/arm64e-apple-macos.swiftmodule /Applications/Xcode.app/Contents/Developer/Toolchains/XcodeDefault.xctoolchain/usr/lib/swift/macosx/prebuilt-modules/26.4/OSLog.swiftmodule/arm64e-apple-macos.swiftmodule /Applications/Xcode.app/Contents/Developer/Toolchains/XcodeDefault.xctoolchain/usr/lib/swift/macosx/prebuilt-modules/26.4/AVFoundation.swiftmodule/arm64e-apple-macos.swiftmodule /Applications/Xcode.app/Contents/Developer/Toolchains/XcodeDefault.xctoolchain/usr/lib/swift/macosx/prebuilt-modules/26.4/CoreLocation.swiftmodule/arm64e-apple-macos.swiftmodule /Applications/Xcode.app/Contents/Developer/Toolchains/XcodeDefault.xctoolchain/usr/lib/swift/macosx/prebuilt-modules/26.4/CoreGraphics.swiftmodule/arm64e-apple-macos.swiftmodule /Applications/Xcode.app/Contents/Developer/Toolchains/XcodeDefault.xctoolchain/usr/lib/swift/macosx/prebuilt-modules/26.4/Dispatch.swiftmodule/arm64e-apple-macos.swiftmodule /Applications/Xcode.app/Contents/Developer/Toolchains/XcodeDefault.xctoolchain/usr/lib/swift/macosx/prebuilt-modules/26.4/_DarwinFoundation3.swiftmodule/arm64e-apple-macos.swiftmodule /Applications/Xcode.app/Contents/Developer/Toolchains/XcodeDefault.xctoolchain/usr/lib/swift/macosx/prebuilt-modules/26.4/Combine.swiftmodule/arm64e-apple-macos.swiftmodule /Users/puneeth/Documents/NotchApp/build/Build/Products/Release/KeyboardShortcuts.swiftmodule/arm64-apple-macos.swiftmodule /Applications/Xcode.app/Contents/Developer/Toolchains/XcodeDefault.xctoolchain/usr/lib/swift/macosx/prebuilt-modules/26.4/AppKit.swiftmodule/arm64e-apple-macos.swiftmodule /Applications/Xcode.app/Contents/Developer/Toolchains/XcodeDefault.xctoolchain/usr/lib/swift/macosx/prebuilt-modules/26.4/ObjectiveC.swiftmodule/arm64e-apple-macos.swiftmodule /Applications/Xcode.app/Contents/Developer/Toolchains/XcodeDefault.xctoolchain/usr/lib/swift/macosx/prebuilt-modules/26.4/_StringProcessing.swiftmodule/arm64e-apple-macos.swiftmodule /Applications/Xcode.app/Contents/Developer/Toolchains/XcodeDefault.xctoolchain/usr/lib/swift/macosx/prebuilt-modules/26.4/AudioToolbox.swiftmodule/arm64e-apple-macos.swiftmodule /Applications/Xcode.app/Contents/Developer/Toolchains/XcodeDefault.xctoolchain/usr/lib/swift/macosx/prebuilt-modules/26.4/Metal.swiftmodule/arm64e-apple-macos.swiftmodule /Applications/Xcode.app/Contents/Developer/Toolchains/XcodeDefault.xctoolchain/usr/lib/swift/macosx/prebuilt-modules/26.4/_Concurrency.swiftmodule/arm64e-apple-macos.swiftmodule /Applications/Xcode.app/Contents/Developer/Toolchains/XcodeDefault.xctoolchain/usr/lib/swift/macosx/prebuilt-modules/26.4/CoreFoundation.swiftmodule/arm64e-apple-macos.swiftmodule /Applications/Xcode.app/Contents/Developer/Toolchains/XcodeDefault.xctoolchain/usr/lib/swift/macosx/prebuilt-modules/26.4/DataDetection.swiftmodule/arm64e-apple-macos.swiftmodule /Applications/Xcode.app/Contents/Developer/Toolchains/XcodeDefault.xctoolchain/usr/lib/swift/macosx/prebuilt-modules/26.4/SwiftUICore.swiftmodule/arm64e-apple-macos.swiftmodule /Applications/Xcode.app/Contents/Developer/Toolchains/XcodeDefault.xctoolchain/usr/lib/swift/macosx/prebuilt-modules/26.4/QuartzCore.swiftmodule/arm64e-apple-macos.swiftmodule /Applications/Xcode.app/Contents/Developer/Toolchains/XcodeDefault.xctoolchain/usr/lib/swift/macosx/prebuilt-modules/26.4/CoreData.swiftmodule/arm64e-apple-macos.swiftmodule /Applications/Xcode.app/Contents/Developer/Toolchains/XcodeDefault.xctoolchain/usr/lib/swift/macosx/prebuilt-modules/26.4/Swift.swiftmodule/arm64e-apple-macos.swiftmodule /Applications/Xcode.app/Contents/Developer/Toolchains/XcodeDefault.xctoolchain/usr/lib/swift/macosx/prebuilt-modules/26.4/_DarwinFoundation1.swiftmodule/arm64e-apple-macos.swiftmodule /Applications/Xcode.app/Contents/Developer/Toolchains/XcodeDefault.xctoolchain/usr/lib/swift/macosx/prebuilt-modules/26.4/SwiftData.swiftmodule/arm64e-apple-macos.swiftmodule /Applications/Xcode.app/Contents/Developer/Toolchains/XcodeDefault.xctoolchain/usr/lib/swift/macosx/prebuilt-modules/26.4/DeveloperToolsSupport.swiftmodule/arm64e-apple-macos.swiftmodule /Applications/Xcode.app/Contents/Developer/Toolchains/XcodeDefault.xctoolchain/usr/lib/swift/macosx/prebuilt-modules/26.4/CoreMedia.swiftmodule/arm64e-apple-macos.swiftmodule /Applications/Xcode.app/Contents/Developer/Toolchains/XcodeDefault.xctoolchain/usr/lib/swift/macosx/prebuilt-modules/26.4/simd.swiftmodule/arm64e-apple-macos.swiftmodule /Applications/Xcode.app/Contents/Developer/Toolchains/XcodeDefault.xctoolchain/usr/lib/swift/macosx/prebuilt-modules/26.4/os.swiftmodule/arm64e-apple-macos.swiftmodule /Applications/Xcode.app/Contents/Developer/Toolchains/XcodeDefault.xctoolchain/usr/lib/swift/macosx/prebuilt-modules/26.4/_SwiftData_SwiftUI.swiftmodule/arm64e-apple-macos.swiftmodule /Applications/Xcode.app/Contents/Developer/Toolchains/XcodeDefault.xctoolchain/usr/lib/swift/macosx/prebuilt-modules/26.4/System.swiftmodule/arm64e-apple-macos.swiftmodule /Applications/Xcode.app/Contents/Developer/Toolchains/XcodeDefault.xctoolchain/usr/lib/swift/macosx/prebuilt-modules/26.4/UniformTypeIdentifiers.swiftmodule/arm64e-apple-macos.swiftmodule /Applications/Xcode.app/Contents/Developer/Toolchains/XcodeDefault.xctoolchain/usr/lib/swift/macosx/prebuilt-modules/26.4/Darwin.swiftmodule/arm64e-apple-macos.swiftmodule /Applications/Xcode.app/Contents/Developer/Toolchains/XcodeDefault.xctoolchain/usr/lib/swift/macosx/prebuilt-modules/26.4/EventKit.swiftmodule/arm64e-apple-macos.swiftmodule /Applications/Xcode.app/Contents/Developer/Toolchains/XcodeDefault.xctoolchain/usr/lib/swift/macosx/prebuilt-modules/26.4/AVFAudio.swiftmodule/arm64e-apple-macos.swiftmodule /Applications/Xcode.app/Contents/Developer/Toolchains/XcodeDefault.xctoolchain/usr/lib/swift/macosx/prebuilt-modules/26.4/Foundation.swiftmodule/arm64e-apple-macos.swiftmodule /Users/puneeth/Documents/NotchApp/build/ModuleCache.noindex/_DarwinFoundation2-89E7RNH1JX205UCRFWGTC7X91.pcm /Users/puneeth/Documents/NotchApp/build/ModuleCache.noindex/AVFoundation-AVP9UMUSNYS9703CGZTOMT16T.pcm /Users/puneeth/Documents/NotchApp/build/ModuleCache.noindex/CoreVideo-AHIRSIYD902XW1DO6GTGH6TW.pcm /Users/puneeth/Documents/NotchApp/build/ModuleCache.noindex/CoreAudioTypes-37FTS2S0YACOPE3K3KM8XUOO4.pcm /Users/puneeth/Documents/NotchApp/build/ModuleCache.noindex/AVFAudio-5VPZXM6RON151W08E4H7TCIHL.pcm /Users/puneeth/Documents/NotchApp/build/ModuleCache.noindex/_Builtin_limits-3UVWCZF15FTIP6YQVHJ3KGD09.pcm /Users/puneeth/Documents/NotchApp/build/ModuleCache.noindex/CoreImage-DX4O6DVNGKJI65TUN7LG2ZG4Z.pcm /Users/puneeth/Documents/NotchApp/build/ModuleCache.noindex/Metal-CNEIQW7VBH1TLDC8JPHY7FYLG.pcm /Users/puneeth/Documents/NotchApp/build/ModuleCache.noindex/UniformTypeIdentifiers-9YT0S1IARD209ZRR1KBYN5ZJ7.pcm /Users/puneeth/Documents/NotchApp/build/ModuleCache.noindex/os-8YP9U0XJ82NKXKDPT4DBZSLHW.pcm /Users/puneeth/Documents/NotchApp/build/ModuleCache.noindex/libkern-DL8CJDU2U6QWDLDNCOI5TDPL.pcm /Users/puneeth/Documents/NotchApp/build/ModuleCache.noindex/os_workgroup-BZY1H7OSCF9ZS84XVAKOS4HTF.pcm /Users/puneeth/Documents/NotchApp/build/ModuleCache.noindex/_Builtin_inttypes-3W0ZT6SV04R9I5BAE2OU5IJI2.pcm /Users/puneeth/Documents/NotchApp/build/ModuleCache.noindex/CoreServices-25Z746E3XQV0ATX90PXSYZ5O5.pcm /Users/puneeth/Documents/NotchApp/build/ModuleCache.noindex/CoreLocation-BFZ5JOVWUMG6AIGOQ2SNOFYX.pcm /Users/puneeth/Documents/NotchApp/build/ModuleCache.noindex/AppKit-CJ5Z7SFAL2MBAQ7C1HMF42RFH.pcm /Users/puneeth/Documents/NotchApp/build/ModuleCache.noindex/Accelerate-F2TVQE8CSLOIOT7ZEXKBV5BOM.pcm /Users/puneeth/Documents/NotchApp/build/ModuleCache.noindex/ApplicationServices-E0Y7OYCHTGCRSP2O97X9LDV72.pcm /Users/puneeth/Documents/NotchApp/build/ModuleCache.noindex/SwiftShims-BA1RIXKIGBC2X5E145ADW7BGY.pcm /Users/puneeth/Documents/NotchApp/build/ModuleCache.noindex/_DarwinFoundation1-D13S8GTUJ6LXYKVIQYUN16OF9.pcm /Users/puneeth/Documents/NotchApp/build/ModuleCache.noindex/ColorSync-ERBO4WLD6UMRL6VCKL7BLV70O.pcm /Users/puneeth/Documents/NotchApp/build/ModuleCache.noindex/CoreText-56KBYBJAVT38HK3DLEL58TS8I.pcm /Users/puneeth/Documents/NotchApp/build/ModuleCache.noindex/Dispatch-992M5W6AUSA51ZFPM2AQID7R7.pcm /Users/puneeth/Documents/NotchApp/build/ModuleCache.noindex/SwiftUI-UA8N0RSJBD1GYW4ZUTLDNFAI.pcm /Users/puneeth/Documents/NotchApp/build/ModuleCache.noindex/CUPS-ASY968D9D6JHF5KUDA9WWYKJX.pcm /Users/puneeth/Documents/NotchApp/build/ModuleCache.noindex/CoreTransferable-A9CLCRV0UEG02AVQG9TLTVXN2.pcm /Users/puneeth/Documents/NotchApp/build/ModuleCache.noindex/libDER-9VDXA5XU45EQZRG5AXZ5TAVWJ.pcm /Users/puneeth/Documents/NotchApp/build/ModuleCache.noindex/IOSurface-DP20C5QFPIGSGZZEOHJ8QVEJW.pcm /Users/puneeth/Documents/NotchApp/build/ModuleCache.noindex/CoreMedia-32O8NQRQXSGN9FU98GKTQNBZW.pcm /Users/puneeth/Documents/NotchApp/build/ModuleCache.noindex/MediaToolbox-AR6SQSR87ZU60M7PWVOVMKUTF.pcm /Users/puneeth/Documents/NotchApp/build/ModuleCache.noindex/_LocationEssentials-13CWK25VFLXX9N5F3FFWP0QP7.pcm /Users/puneeth/Documents/NotchApp/build/ModuleCache.noindex/_Builtin_stddef-EFESH44KD3BEZDTA9E70EMUE7.pcm /Users/puneeth/Documents/NotchApp/build/ModuleCache.noindex/Foundation-9PI37GYDLG6VJGCQ7LEY2RS4H.pcm /Users/puneeth/Documents/NotchApp/build/ModuleCache.noindex/simd-11ZN482HYT14IHC5MZHSX45UC.pcm /Users/puneeth/Documents/NotchApp/build/ModuleCache.noindex/IOKit-5GCJQLPLWR0ON7ELDCD967KU.pcm /Users/puneeth/Documents/NotchApp/build/ModuleCache.noindex/_Builtin_stdatomic-E9Z9RVGW5ZM5L570ZY9O8KL9N.pcm /Users/puneeth/Documents/NotchApp/build/ModuleCache.noindex/CoreFoundation-CPTYGAXDEIJE9OES248LFPTE3.pcm /Users/puneeth/Documents/NotchApp/build/ModuleCache.noindex/launch-9HTUY30XA1Q0A9PZ7EEQXO2YK.pcm /Users/puneeth/Documents/NotchApp/build/ModuleCache.noindex/QuartzCore-EDAETMY0G6R0106YGCCWWA9CA.pcm /Users/puneeth/Documents/NotchApp/build/ModuleCache.noindex/_Builtin_stdint-AURG2P4JUASK56ABRK7OWKDG3.pcm /Users/puneeth/Documents/NotchApp/build/ModuleCache.noindex/AudioToolbox-D5MWJ3HQIY1UVIQWE3IEYF7A7.pcm /Users/puneeth/Documents/NotchApp/build/ModuleCache.noindex/Security-3SH96GLMHOX04JRQUQRM22REE.pcm /Users/puneeth/Documents/NotchApp/build/ModuleCache.noindex/Accessibility-484EL51XBJXDPOXAAG6H9JD9V.pcm /Users/puneeth/Documents/NotchApp/build/ModuleCache.noindex/_SwiftConcurrencyShims-1CTO2VIZOQCVTRWEEVSDQ4ZM3.pcm /Users/puneeth/Documents/NotchApp/build/ModuleCache.noindex/MachO-7KRDIKPPAUM27M6RWK12P9FRG.pcm /Users/puneeth/Documents/NotchApp/build/ModuleCache.noindex/CoreMIDI-1ZK75BHM7XJZOR24KX9EBSOXU.pcm /Users/puneeth/Documents/NotchApp/build/ModuleCache.noindex/Vision-YQJ6PG9KH1J8DSEVO6MQIFH9.pcm /Users/puneeth/Documents/NotchApp/build/ModuleCache.noindex/Symbols-5BBWF1ECYTOVI56AFF4NM6TH0.pcm /Users/puneeth/Documents/NotchApp/build/ModuleCache.noindex/CoreAudio-9Z90P0P5ERURAUE9A8O2CSATL.pcm /Users/puneeth/Documents/NotchApp/build/ModuleCache.noindex/CoreGraphics-80IVWI4XFFV6X4OG71122064W.pcm /Users/puneeth/Documents/NotchApp/build/ModuleCache.noindex/Darwin-3BG8JGFFCN3IY6VYOUU3P2Z9K.pcm /Users/puneeth/Documents/NotchApp/build/ModuleCache.noindex/sys_types-A63ZO1LLXDJY9BSK3TJ60FKPS.pcm /Users/puneeth/Documents/NotchApp/build/ModuleCache.noindex/OSLog-9IL6ZPQSRD3GC0Y4MEWA0N046.pcm /Users/puneeth/Documents/NotchApp/build/ModuleCache.noindex/XPC-7FR92DOJIDOI7A3LL0AMLQRY2.pcm /Users/puneeth/Documents/NotchApp/build/ModuleCache.noindex/DataDetection-1GAQ0OB8XYR86T1QA2VJ669C8.pcm /Users/puneeth/Documents/NotchApp/build/ModuleCache.noindex/SwiftUICore-DJEY9IWVJR9RS5UNCB3PNA44D.pcm /Users/puneeth/Documents/NotchApp/build/ModuleCache.noindex/DeveloperToolsSupport-EVBB6OIZ03B0R8ZDPD38RDFF9.pcm /Users/puneeth/Documents/NotchApp/build/ModuleCache.noindex/_Builtin_tgmath-F1UOLSJWQPCZJGAYQM3G0GFSJ.pcm /Users/puneeth/Documents/NotchApp/build/ModuleCache.noindex/Carbon-4QUDDLW45WXVL8KE7FWEQP8BU.pcm /Users/puneeth/Documents/NotchApp/build/ModuleCache.noindex/_Builtin_stdarg-2D4ZVX2LHW45C602636IDO8W2.pcm /Users/puneeth/Documents/NotchApp/build/ModuleCache.noindex/ObjectiveC-CG647N6ACZZHFTJH0MWREG270.pcm /Users/puneeth/Documents/NotchApp/build/ModuleCache.noindex/ptrauth-3A1G9ETQFI37XCBMDPOKA2FJF.pcm /Users/puneeth/Documents/NotchApp/build/ModuleCache.noindex/_Builtin_float-BKE76OC9T3FJQ902E4N7AFZ2Z.pcm /Users/puneeth/Documents/NotchApp/build/ModuleCache.noindex/CFNetwork-4L79RT1XNW3D53OW7DKUKXBRH.pcm /Users/puneeth/Documents/NotchApp/build/ModuleCache.noindex/EventKit-6U2TN9P08LQ4UDKV6R53LBN8D.pcm /Users/puneeth/Documents/NotchApp/build/ModuleCache.noindex/os_object-D18GDX1T2JNFV4YBTI444XL1S.pcm /Users/puneeth/Documents/NotchApp/build/ModuleCache.noindex/_DarwinFoundation3-DT40H53OASTFDMOMJS947PZ7Z.pcm /Users/puneeth/Documents/NotchApp/build/ModuleCache.noindex/_Builtin_stdbool-7P93KHXIQZ96YWULYCU8BVGST.pcm /Users/puneeth/Documents/NotchApp/build/ModuleCache.noindex/ptrcheck-22AGC5ZD3NP2WJX10F00SPZ8J.pcm /Users/puneeth/Documents/NotchApp/build/ModuleCache.noindex/ImageIO-CWB3KLITB9KJG43IHDNIXQS82.pcm /Users/puneeth/Documents/NotchApp/build/ModuleCache.noindex/CoreML-E0XDYBYWFNV87B8729LBUS206.pcm /Users/puneeth/Documents/NotchApp/build/ModuleCache.noindex/_AvailabilityInternal-EIKG4RD4CCD98G9KIVPPF6L3P.pcm /Users/puneeth/Documents/NotchApp/build/ModuleCache.noindex/OpenGL-7KMIIYZ5LTTK2OD2JEYJCTIYK.pcm /Users/puneeth/Documents/NotchApp/build/ModuleCache.noindex/DiskArbitration-D40LY0A9ES1IFYMSK6SUNYIM6.pcm /Users/puneeth/Documents/NotchApp/build/ModuleCache.noindex/_Builtin_intrinsics-94OPJ9HMDT5ZIT0QMQ5XG84RU.pcm /Users/puneeth/Documents/NotchApp/build/ModuleCache.noindex/CoreData-CY2D9ZAVJF6BWEOEW3HBZQBUQ.pcm /Users/puneeth/Documents/NotchApp/build/ModuleCache.noindex/Spatial-C33F416HFN34ZUQX5Z8WVFTPH.pcm /Users/puneeth/Documents/NotchApp/build/Build/Intermediates.noindex/NotchApp.build/Release/NotchApp.build/Objects-normal/arm64/NotchApp-dependencies-1.json (in target 'NotchApp' from project 'NotchApp')
CompileSwift normal arm64 (in target 'NotchApp' from project 'NotchApp')
    cd /Users/puneeth/Documents/NotchApp
    

/Applications/Xcode.app/Contents/Developer/Toolchains/XcodeDefault.xctoolchain/usr/bin/swift-frontend -frontend -c /Users/puneeth/Documents/NotchApp/NotchApp/App/AppDelegate.swift /Users/puneeth/Documents/NotchApp/NotchApp/App/AppState.swift /Users/puneeth/Documents/NotchApp/NotchApp/App/NotchAppApp.swift /Users/puneeth/Documents/NotchApp/NotchApp/App/NotchState.swift /Users/puneeth/Documents/NotchApp/NotchApp/App/PersistenceController.swift /Users/puneeth/Documents/NotchApp/NotchApp/App/SettingsManager.swift /Users/puneeth/Documents/NotchApp/NotchApp/Games/NotchBreakoutView.swift /Users/puneeth/Documents/NotchApp/NotchApp/Games/NotchFlappyView.swift /Users/puneeth/Documents/NotchApp/NotchApp/Games/NotchSnakeView.swift /Users/puneeth/Documents/NotchApp/NotchApp/Notch/CalendarManager.swift /Users/puneeth/Documents/NotchApp/NotchApp/Notch/CGSSpaceOverlay.swift /Users/puneeth/Documents/NotchApp/NotchApp/Notch/LauncherManager.swift /Users/puneeth/Documents/NotchApp/NotchApp/Notch/MediaPlayerManager.swift /Users/puneeth/Documents/NotchApp/NotchApp/Notch/NotchExpandedView.swift /Users/puneeth/Documents/NotchApp/NotchApp/Notch/NotchOverlayView.swift /Users/puneeth/Documents/NotchApp/NotchApp/Notch/NotchShape.swift /Users/puneeth/Documents/NotchApp/NotchApp/Notch/NotchWindowController.swift /Users/puneeth/Documents/NotchApp/NotchApp/Notch/NSImage+Color.swift /Users/puneeth/Documents/NotchApp/NotchApp/Notch/PreviewWindowController.swift /Users/puneeth/Documents/NotchApp/NotchApp/Notch/SystemMonitorManager.swift /Users/puneeth/Documents/NotchApp/NotchApp/Notch/TimerManager.swift /Users/puneeth/Documents/NotchApp/NotchApp/Screenshots/CaptureManager.swift /Users/puneeth/Documents/NotchApp/NotchApp/Screenshots/ScreenshotActionBar.swift /Users/puneeth/Documents/NotchApp/NotchApp/Screenshots/ScreenshotAnalyzer.swift /Users/puneeth/Documents/NotchApp/NotchApp/Screenshots/ScreenshotEditorWindow.swift /Users/puneeth/Documents/NotchApp/NotchApp/Screenshots/ScreenshotFloatingPreview.swift /Users/puneeth/Documents/NotchApp/NotchApp/Screenshots/ScreenshotGalleryView.swift /Users/puneeth/Documents/NotchApp/NotchApp/Screenshots/ScreenshotItem.swift /Users/puneeth/Documents/NotchApp/NotchApp/Screenshots/ScreenshotMonitor.swift /Users/puneeth/Documents/NotchApp/NotchApp/Screenshots/ScreenshotNamingView.swift /Users/puneeth/Documents/NotchApp/NotchApp/Screenshots/ScreenshotPreviewPopup.swift /Users/puneeth/Documents/NotchApp/NotchApp/Settings/SettingsView.swift /Users/puneeth/Documents/NotchApp/NotchApp/UI/NotchlyHubView.swift /Users/puneeth/Documents/NotchApp/NotchApp/UI/NotchlyHubWindowController.swift /Users/puneeth/Documents/NotchApp/NotchApp/UI/VisualEffectView.swift /Users/puneeth/Documents/NotchApp/build/Build/Intermediates.noindex/NotchApp.build/Release/NotchApp.build/DerivedSources/GeneratedAssetSymbols.swift -supplementary-output-file-map /Users/puneeth/Documents/NotchApp/build/Build/Intermediates.noindex/NotchApp.build/Release/NotchApp.build/Objects-normal/arm64/supplementaryOutputs-3 -emit-localized-strings -emit-localized-strings-path /Users/puneeth/Documents/NotchApp/build/Build/Intermediates.noindex/NotchApp.build/Release/NotchApp.build/Objects-normal/arm64 -target arm64-apple-macos14.0 -module-can-import-version AppKit 2685.50.120 2685.50.120 -module-can-import-version DeveloperToolsSupport 23.40.26 23.40.26 -module-can-import-version SwiftUI 7.4.27 7.4.27 -disable-cross-import-overlay-search -swift-module-cross-import SwiftData /Applications/Xcode.app/Contents/Developer/Platforms/MacOSX.platform/Developer/SDKs/MacOSX26.4.sdk/System/Library/Frameworks/SwiftData.framework/Modules/SwiftData.swiftcrossimport/CoreData.swiftoverlay -swift-module-cross-import SwiftData /Applications/Xcode.app/Contents/Developer/Platforms/MacOSX.platform/Developer/SDKs/MacOSX26.4.sdk/System/Library/Frameworks/SwiftData.framework/Modules/SwiftData.swiftcrossimport/SwiftUI.swiftoverlay -load-resolved-plugin /Applications/Xcode.app/Contents/Developer/Platforms/MacOSX.platform/Developer/usr/lib/swift/host/plugins/libFoundationMacros.dylib\#/Applications/Xcode.app/Contents/Developer/Platforms/MacOSX.platform/Developer/usr/bin/swift-plugin-server\#FoundationMacros -load-resolved-plugin /Applications/Xcode.app/Contents/Developer/Platforms/MacOSX.platform/Developer/usr/lib/swift/host/plugins/libObservationMacros.dylib\#/Applications/Xcode.app/Contents/Developer/Platforms/MacOSX.platform/Developer/usr/bin/swift-plugin-server\#ObservationMacros -load-resolved-plugin /Applications/Xcode.app/Contents/Developer/Platforms/MacOSX.platform/Developer/usr/lib/swift/host/plugins/libPreviewsMacros.dylib\#/Applications/Xcode.app/Contents/Developer/Platforms/MacOSX.platform/Developer/usr/bin/swift-plugin-server\#PreviewsMacros -load-resolved-plugin /Applications/Xcode.app/Contents/Developer/Platforms/MacOSX.platform/Developer/usr/lib/swift/host/plugins/libSwiftDataMacros.dylib\#/Applications/Xcode.app/Contents/Developer/Platforms/MacOSX.platform/Developer/usr/bin/swift-plugin-server\#SwiftDataMacros -load-resolved-plugin /Applications/Xcode.app/Contents/Developer/Platforms/MacOSX.platform/Developer/usr/lib/swift/host/plugins/libSwiftMacros.dylib\#/Applications/Xcode.app/Contents/Developer/Platforms/MacOSX.platform/Developer/usr/bin/swift-plugin-server\#SwiftMacros -load-resolved-plugin /Applications/Xcode.app/Contents/Developer/Platforms/MacOSX.platform/Developer/usr/lib/swift/host/plugins/libSwiftUIMacros.dylib\#/Applications/Xcode.app/Contents/Developer/Platforms/MacOSX.platform/Developer/usr/bin/swift-plugin-server\#SwiftUIMacros -disable-implicit-swift-modules -Xcc -fno-implicit-modules -Xcc -fno-implicit-module-maps -explicit-swift-module-map-file /Users/puneeth/Documents/NotchApp/build/Build/Intermediates.noindex/NotchApp.build/Release/NotchApp.build/Objects-normal/arm64/NotchApp-dependencies-1.json -debug-module-path /Users/puneeth/Documents/NotchApp/build/Build/Intermediates.noindex/NotchApp.build/Release/NotchApp.build/Objects-normal/arm64/NotchApp.swiftmodule -Xllvm -aarch64-use-tbi -enable-objc-interop -stack-check -sdk /Applications/Xcode.app/Contents/Developer/Platforms/MacOSX.platform/Developer/SDKs/MacOSX26.4.sdk -I /Users/puneeth/Documents/NotchApp/build/Build/Products/Release -F /Users/puneeth/Documents/NotchApp/build/Build/Products/Release/PackageFrameworks -F /Users/puneeth/Documents/NotchApp/build/Build/Products/Release/PackageFrameworks -F /Users/puneeth/Documents/NotchApp/build/Build/Products/Release/PackageFrameworks -F /Users/puneeth/Documents/NotchApp/build/Build/Products/Release -no-color-diagnostics -Xcc -fno-color-diagnostics -g -debug-info-format\=dwarf -dwarf-version\=4 -module-cache-path /Users/puneeth/Documents/NotchApp/build/Build/Intermediates.noindex/SwiftExplicitPrecompiledModules -swift-version 5 -O -serialize-debugging-options -const-gather-protocols-file /Users/puneeth/Documents/NotchApp/build/Build/Intermediates.noindex/NotchApp.build/Release/NotchApp.build/Objects-normal/arm64/NotchApp_const_extract_protocols.json -enable-upcoming-feature DisableOutwardActorInference -enable-upcoming-feature InferSendableFromCaptures -enable-upcoming-feature GlobalActorIsolatedTypesUsability -enable-upcoming-feature MemberImportVisibility -enable-upcoming-feature InferIsolatedConformances -enable-upcoming-feature NonisolatedNonsendingByDefault -enable-experimental-feature DebugDescriptionMacro -enable-bare-slash-regex -default-isolation\=MainActor -empty-abi-descriptor -validate-clang-modules-once -clang-build-session-file /Users/puneeth/Documents/NotchApp/build/ModuleCache.noindex/Session.modulevalidation -Xcc -working-directory -Xcc /Users/puneeth/Documents/NotchApp -file-compilation-dir /Users/puneeth/Documents/NotchApp -Xcc -ivfsstatcache -Xcc /Users/puneeth/Documents/NotchApp/build/SDKStatCaches.noindex/macosx26.4-25E251-30f9ca8789b706f8bd3fc906a70d770f.sdkstatcache -Xcc -I/Users/puneeth/Documents/NotchApp/build/Build/Intermediates.noindex/NotchApp.build/Release/NotchApp.build/swift-overrides.hmap -Xcc -iquote -Xcc /Users/puneeth/Documents/NotchApp/build/Build/Intermediates.noindex/NotchApp.build/Release/NotchApp.build/NotchApp-generated-files.hmap -Xcc -I/Users/puneeth/Documents/NotchApp/build/Build/Intermediates.noindex/NotchApp.build/Release/NotchApp.build/NotchApp-own-target-headers.hmap -Xcc -I/Users/puneeth/Documents/NotchApp/build/Build/Intermediates.noindex/NotchApp.build/Release/NotchApp.build/NotchApp-all-non-framework-target-headers.hmap -Xcc -ivfsoverlay -Xcc /Users/puneeth/Documents/NotchApp/build/Build/Intermediates.noindex/NotchApp.build/Release/NotchApp-43d371e75e42fb2fedff4baeb6f11e61-VFS/all-product-headers.yaml -Xcc -iquote -Xcc /Users/puneeth/Documents/NotchApp/build/Build/Intermediates.noindex/NotchApp.build/Release/NotchApp.build/NotchApp-project-headers.hmap -Xcc -I/Users/puneeth/Documents/NotchApp/build/Build/Products/Release/include -Xcc -I/Users/puneeth/Documents/NotchApp/build/Build/Intermediates.noindex/NotchApp.build/Release/NotchApp.build/DerivedSources-normal/arm64 -Xcc -I/Users/puneeth/Documents/NotchApp/build/Build/Intermediates.noindex/NotchApp.build/Release/NotchApp.build/DerivedSources/arm64 -Xcc -I/Users/puneeth/Documents/NotchApp/build/Build/Intermediates.noindex/NotchApp.build/Release/NotchApp.build/DerivedSources -no-auto-bridging-header-chaining -module-name NotchApp -frontend-parseable-output -disable-clang-spi -clang-target arm64-apple-macos26.4 -target-sdk-version 26.4 -target-sdk-name macosx26.4 -in-process-plugin-server-path /Applications/Xcode.app/Contents/Developer/Toolchains/XcodeDefault.xctoolchain/usr/lib/swift/host/libSwiftInProcPluginServer.dylib -enable-default-cmo -num-threads 10 -o /Users/puneeth/Documents/NotchApp/build/Build/Intermediates.noindex/NotchApp.build/Release/NotchApp.build/Objects-normal/arm64/AppDelegate.o -o /Users/puneeth/Documents/NotchApp/build/Build/Intermediates.noindex/NotchApp.build/Release/NotchApp.build/Objects-normal/arm64/AppState.o -o /Users/puneeth/Documents/NotchApp/build/Build/Intermediates.noindex/NotchApp.build/Release/NotchApp.build/Objects-normal/arm64/NotchAppApp.o -o /Users/puneeth/Documents/NotchApp/build/Build/Intermediates.noindex/NotchApp.build/Release/NotchApp.build/Objects-normal/arm64/NotchState.o -o /Users/puneeth/Documents/NotchApp/build/Build/Intermediates.noindex/NotchApp.build/Release/NotchApp.build/Objects-normal/arm64/PersistenceController.o -o /Users/puneeth/Documents/NotchApp/build/Build/Intermediates.noindex/NotchApp.build/Release/NotchApp.build/Objects-normal/arm64/SettingsManager.o -o /Users/puneeth/Documents/NotchApp/build/Build/Intermediates.noindex/NotchApp.build/Release/NotchApp.build/Objects-normal/arm64/NotchBreakoutView.o -o /Users/puneeth/Documents/NotchApp/build/Build/Intermediates.noindex/NotchApp.build/Release/NotchApp.build/Objects-normal/arm64/NotchFlappyView.o -o /Users/puneeth/Documents/NotchApp/build/Build/Intermediates.noindex/NotchApp.build/Release/NotchApp.build/Objects-normal/arm64/NotchSnakeView.o -o /Users/puneeth/Documents/NotchApp/build/Build/Intermediates.noindex/NotchApp.build/Release/NotchApp.build/Objects-normal/arm64/CalendarManager.o -o /Users/puneeth/Documents/NotchApp/build/Build/Intermediates.noindex/NotchApp.build/Release/NotchApp.build/Objects-normal/arm64/CGSSpaceOverlay.o -o /Users/puneeth/Documents/NotchApp/build/Build/Intermediates.noindex/NotchApp.build/Release/NotchApp.build/Objects-normal/arm64/LauncherManager.o -o /Users/puneeth/Documents/NotchApp/build/Build/Intermediates.noindex/NotchApp.build/Release/NotchApp.build/Objects-normal/arm64/MediaPlayerManager.o -o /Users/puneeth/Documents/NotchApp/build/Build/Intermediates.noindex/NotchApp.build/Release/NotchApp.build/Objects-normal/arm64/NotchExpandedView.o -o /Users/puneeth/Documents/NotchApp/build/Build/Intermediates.noindex/NotchApp.build/Release/NotchApp.build/Objects-normal/arm64/NotchOverlayView.o -o /Users/puneeth/Documents/NotchApp/build/Build/Intermediates.noindex/NotchApp.build/Release/NotchApp.build/Objects-normal/arm64/NotchShape.o -o /Users/puneeth/Documents/NotchApp/build/Build/Intermediates.noindex/NotchApp.build/Release/NotchApp.build/Objects-normal/arm64/NotchWindowController.o -o /Users/puneeth/Documents/NotchApp/build/Build/Intermediates.noindex/NotchApp.build/Release/NotchApp.build/Objects-normal/arm64/NSImage+Color.o -o /Users/puneeth/Documents/NotchApp/build/Build/Intermediates.noindex/NotchApp.build/Release/NotchApp.build/Objects-normal/arm64/PreviewWindowController.o -o /Users/puneeth/Documents/NotchApp/build/Build/Intermediates.noindex/NotchApp.build/Release/NotchApp.build/Objects-normal/arm64/SystemMonitorManager.o -o /Users/puneeth/Documents/NotchApp/build/Build/Intermediates.noindex/NotchApp.build/Release/NotchApp.build/Objects-normal/arm64/TimerManager.o -o /Users/puneeth/Documents/NotchApp/build/Build/Intermediates.noindex/NotchApp.build/Release/NotchApp.build/Objects-normal/arm64/CaptureManager.o -o /Users/puneeth/Documents/NotchApp/build/Build/Intermediates.noindex/NotchApp.build/Release/NotchApp.build/Objects-normal/arm64/ScreenshotActionBar.o -o /Users/puneeth/Documents/NotchApp/build/Build/Intermediates.noindex/NotchApp.build/Release/NotchApp.build/Objects-normal/arm64/ScreenshotAnalyzer.o -o /Users/puneeth/Documents/NotchApp/build/Build/Intermediates.noindex/NotchApp.build/Release/NotchApp.build/Objects-normal/arm64/ScreenshotEditorWindow.o -o /Users/puneeth/Documents/NotchApp/build/Build/Intermediates.noindex/NotchApp.build/Release/NotchApp.build/Objects-normal/arm64/ScreenshotFloatingPreview.o -o /Users/puneeth/Documents/NotchApp/build/Build/Intermediates.noindex/NotchApp.build/Release/NotchApp.build/Objects-normal/arm64/ScreenshotGalleryView.o -o /Users/puneeth/Documents/NotchApp/build/Build/Intermediates.noindex/NotchApp.build/Release/NotchApp.build/Objects-normal/arm64/ScreenshotItem.o -o /Users/puneeth/Documents/NotchApp/build/Build/Intermediates.noindex/NotchApp.build/Release/NotchApp.build/Objects-normal/arm64/ScreenshotMonitor.o -o /Users/puneeth/Documents/NotchApp/build/Build/Intermediates.noindex/NotchApp.build/Release/NotchApp.build/Objects-normal/arm64/ScreenshotNamingView.o -o /Users/puneeth/Documents/NotchApp/build/Build/Intermediates.noindex/NotchApp.build/Release/NotchApp.build/Objects-normal/arm64/ScreenshotPreviewPopup.o -o /Users/puneeth/Documents/NotchApp/build/Build/Intermediates.noindex/NotchApp.build/Release/NotchApp.build/Objects-normal/arm64/SettingsView.o -o /Users/puneeth/Documents/NotchApp/build/Build/Intermediates.noindex/NotchApp.build/Release/NotchApp.build/Objects-normal/arm64/NotchlyHubView.o -o /Users/puneeth/Documents/NotchApp/build/Build/Intermediates.noindex/NotchApp.build/Release/NotchApp.build/Objects-normal/arm64/NotchlyHubWindowController.o -o /Users/puneeth/Documents/NotchApp/build/Build/Intermediates.noindex/NotchApp.build/Release/NotchApp.build/Objects-normal/arm64/VisualEffectView.o -o /Users/puneeth/Documents/NotchApp/build/Build/Intermediates.noindex/NotchApp.build/Release/NotchApp.build/Objects-normal/arm64/GeneratedAssetSymbols.o -index-unit-output-path /NotchApp.build/Release/NotchApp.build/Objects-normal/arm64/AppDelegate.o -index-unit-output-path /NotchApp.build/Release/NotchApp.build/Objects-normal/arm64/AppState.o -index-unit-output-path /NotchApp.build/Release/NotchApp.build/Objects-normal/arm64/NotchAppApp.o -index-unit-output-path /NotchApp.build/Release/NotchApp.build/Objects-normal/arm64/NotchState.o -index-unit-output-path /NotchApp.build/Release/NotchApp.build/Objects-normal/arm64/PersistenceController.o -index-unit-output-path /NotchApp.build/Release/NotchApp.build/Objects-normal/arm64/SettingsManager.o -index-unit-output-path /NotchApp.build/Release/NotchApp.build/Objects-normal/arm64/NotchBreakoutView.o -index-unit-output-path /NotchApp.build/Release/NotchApp.build/Objects-normal/arm64/NotchFlappyView.o -index-unit-output-path /NotchApp.build/Release/NotchApp.build/Objects-normal/arm64/NotchSnakeView.o -index-unit-output-path /NotchApp.build/Release/NotchApp.build/Objects-normal/arm64/CalendarManager.o -index-unit-output-path /NotchApp.build/Release/NotchApp.build/Objects-normal/arm64/CGSSpaceOverlay.o -index-unit-output-path /NotchApp.build/Release/NotchApp.build/Objects-normal/arm64/LauncherManager.o -index-unit-output-path /NotchApp.build/Release/NotchApp.build/Objects-normal/arm64/MediaPlayerManager.o -index-unit-output-path /NotchApp.build/Release/NotchApp.build/Objects-normal/arm64/NotchExpandedView.o -index-unit-output-path /NotchApp.build/Release/NotchApp.build/Objects-normal/arm64/NotchOverlayView.o -index-unit-output-path /NotchApp.build/Release/NotchApp.build/Objects-normal/arm64/NotchShape.o -index-unit-output-path /NotchApp.build/Release/NotchApp.build/Objects-normal/arm64/NotchWindowController.o -index-unit-output-path /NotchApp.build/Release/NotchApp.build/Objects-normal/arm64/NSImage+Color.o -index-unit-output-path /NotchApp.build/Release/NotchApp.build/Objects-normal/arm64/PreviewWindowController.o -index-unit-output-path /NotchApp.build/Release/NotchApp.build/Objects-normal/arm64/SystemMonitorManager.o -index-unit-output-path /NotchApp.build/Release/NotchApp.build/Objects-normal/arm64/TimerManager.o -index-unit-output-path /NotchApp.build/Release/NotchApp.build/Objects-normal/arm64/CaptureManager.o -index-unit-output-path /NotchApp.build/Release/NotchApp.build/Objects-normal/arm64/ScreenshotActionBar.o -index-unit-output-path /NotchApp.build/Release/NotchApp.build/Objects-normal/arm64/ScreenshotAnalyzer.o -index-unit-output-path /NotchApp.build/Release/NotchApp.build/Objects-normal/arm64/ScreenshotEditorWindow.o -index-unit-output-path /NotchApp.build/Release/NotchApp.build/Objects-normal/arm64/ScreenshotFloatingPreview.o -index-unit-output-path /NotchApp.build/Release/NotchApp.build/Objects-normal/arm64/ScreenshotGalleryView.o -index-unit-output-path /NotchApp.build/Release/NotchApp.build/Objects-normal/arm64/ScreenshotItem.o -index-unit-output-path /NotchApp.build/Release/NotchApp.build/Objects-normal/arm64/ScreenshotMonitor.o -index-unit-output-path /NotchApp.build/Release/NotchApp.build/Objects-normal/arm64/ScreenshotNamingView.o -index-unit-output-path /NotchApp.build/Release/NotchApp.build/Objects-normal/arm64/ScreenshotPreviewPopup.o -index-unit-output-path /NotchApp.build/Release/NotchApp.build/Objects-normal/arm64/SettingsView.o -index-unit-output-path /NotchApp.build/Release/NotchApp.build/Objects-normal/arm64/NotchlyHubView.o -index-unit-output-path /NotchApp.build/Release/NotchApp.build/Objects-normal/arm64/NotchlyHubWindowController.o -index-unit-output-path /NotchApp.build/Release/NotchApp.build/Objects-normal/arm64/VisualEffectView.o -index-unit-output-path /NotchApp.build/Release/NotchApp.build/Objects-normal/arm64/GeneratedAssetSymbols.o
Command SwiftCompile failed with a nonzero exit code
Please submit a bug report (https://swift.org/contributing/#reporting-bugs) and include the crash backtrace.
Stack dump:
0.	Program arguments: /Applications/Xcode.app/Contents/Developer/Toolchains/XcodeDefault.xctoolchain/usr/bin/swift-frontend -frontend -c /Users/puneeth/Documents/NotchApp/NotchApp/App/AppDelegate.swift /Users/puneeth/Documents/NotchApp/NotchApp/App/AppState.swift /Users/puneeth/Documents/NotchApp/NotchApp/App/NotchAppApp.swift /Users/puneeth/Documents/NotchApp/NotchApp/App/NotchState.swift /Users/puneeth/Documents/NotchApp/NotchApp/App/PersistenceController.swift /Users/puneeth/Documents/NotchApp/NotchApp/App/SettingsManager.swift /Users/puneeth/Documents/NotchApp/NotchApp/Games/NotchBreakoutView.swift /Users/puneeth/Documents/NotchApp/NotchApp/Games/NotchFlappyView.swift /Users/puneeth/Documents/NotchApp/NotchApp/Games/NotchSnakeView.swift /Users/puneeth/Documents/NotchApp/NotchApp/Notch/CalendarManager.swift /Users/puneeth/Documents/NotchApp/NotchApp/Notch/CGSSpaceOverlay.swift /Users/puneeth/Documents/NotchApp/NotchApp/Notch/LauncherManager.swift /Users/puneeth/Documents/NotchApp/NotchApp/Notch/MediaPlayerManager.swift /Users/puneeth/Documents/NotchApp/NotchApp/Notch/NotchExpandedView.swift /Users/puneeth/Documents/NotchApp/NotchApp/Notch/NotchOverlayView.swift /Users/puneeth/Documents/NotchApp/NotchApp/Notch/NotchShape.swift /Users/puneeth/Documents/NotchApp/NotchApp/Notch/NotchWindowController.swift /Users/puneeth/Documents/NotchApp/NotchApp/Notch/NSImage+Color.swift /Users/puneeth/Documents/NotchApp/NotchApp/Notch/PreviewWindowController.swift /Users/puneeth/Documents/NotchApp/NotchApp/Notch/SystemMonitorManager.swift /Users/puneeth/Documents/NotchApp/NotchApp/Notch/TimerManager.swift /Users/puneeth/Documents/NotchApp/NotchApp/Screenshots/CaptureManager.swift /Users/puneeth/Documents/NotchApp/NotchApp/Screenshots/ScreenshotActionBar.swift /Users/puneeth/Documents/NotchApp/NotchApp/Screenshots/ScreenshotAnalyzer.swift /Users/puneeth/Documents/NotchApp/NotchApp/Screenshots/ScreenshotEditorWindow.swift /Users/puneeth/Documents/NotchApp/NotchApp/Screenshots/ScreenshotFloatingPreview.swift /Users/puneeth/Documents/NotchApp/NotchApp/Screenshots/ScreenshotGalleryView.swift /Users/puneeth/Documents/NotchApp/NotchApp/Screenshots/ScreenshotItem.swift /Users/puneeth/Documents/NotchApp/NotchApp/Screenshots/ScreenshotMonitor.swift /Users/puneeth/Documents/NotchApp/NotchApp/Screenshots/ScreenshotNamingView.swift /Users/puneeth/Documents/NotchApp/NotchApp/Screenshots/ScreenshotPreviewPopup.swift /Users/puneeth/Documents/NotchApp/NotchApp/Settings/SettingsView.swift /Users/puneeth/Documents/NotchApp/NotchApp/UI/NotchlyHubView.swift /Users/puneeth/Documents/NotchApp/NotchApp/UI/NotchlyHubWindowController.swift /Users/puneeth/Documents/NotchApp/NotchApp/UI/VisualEffectView.swift /Users/puneeth/Documents/NotchApp/build/Build/Intermediates.noindex/NotchApp.build/Release/NotchApp.build/DerivedSources/GeneratedAssetSymbols.swift -supplementary-output-file-map /Users/puneeth/Documents/NotchApp/build/Build/Intermediates.noindex/NotchApp.build/Release/NotchApp.build/Objects-normal/arm64/supplementaryOutputs-3 -emit-localized-strings -emit-localized-strings-path /Users/puneeth/Documents/NotchApp/build/Build/Intermediates.noindex/NotchApp.build/Release/NotchApp.build/Objects-normal/arm64 -target arm64-apple-macos14.0 -module-can-import-version AppKit 2685.50.120 2685.50.120 -module-can-import-version DeveloperToolsSupport 23.40.26 23.40.26 -module-can-import-version SwiftUI 7.4.27 7.4.27 -disable-cross-import-overlay-search -swift-module-cross-import SwiftData /Applications/Xcode.app/Contents/Developer/Platforms/MacOSX.platform/Developer/SDKs/MacOSX26.4.sdk/System/Library/Frameworks/SwiftData.framework/Modules/SwiftData.swiftcrossimport/CoreData.swiftoverlay -swift-module-cross-import SwiftData /Applications/Xcode.app/Contents/Developer/Platforms/MacOSX.platform/Developer/SDKs/MacOSX26.4.sdk/System/Library/Frameworks/SwiftData.framework/Modules/SwiftData.swiftcrossimport/SwiftUI.swiftoverlay -load-resolved-plugin /Applications/Xcode.app/Contents/Developer/Platforms/MacOSX.platform/Developer/usr/lib/swift/host/plugins/libFoundationMacros.dylib#/Applications/Xcode.app/Contents/Developer/Platforms/MacOSX.platform/Developer/usr/bin/swift-plugin-server#FoundationMacros -load-resolved-plugin /Applications/Xcode.app/Contents/Developer/Platforms/MacOSX.platform/Developer/usr/lib/swift/host/plugins/libObservationMacros.dylib#/Applications/Xcode.app/Contents/Developer/Platforms/MacOSX.platform/Developer/usr/bin/swift-plugin-server#ObservationMacros -load-resolved-plugin /Applications/Xcode.app/Contents/Developer/Platforms/MacOSX.platform/Developer/usr/lib/swift/host/plugins/libPreviewsMacros.dylib#/Applications/Xcode.app/Contents/Developer/Platforms/MacOSX.platform/Developer/usr/bin/swift-plugin-server#PreviewsMacros -load-resolved-plugin /Applications/Xcode.app/Contents/Developer/Platforms/MacOSX.platform/Developer/usr/lib/swift/host/plugins/libSwiftDataMacros.dylib#/Applications/Xcode.app/Contents/Developer/Platforms/MacOSX.platform/Developer/usr/bin/swift-plugin-server#SwiftDataMacros -load-resolved-plugin /Applications/Xcode.app/Contents/Developer/Platforms/MacOSX.platform/Developer/usr/lib/swift/host/plugins/libSwiftMacros.dylib#/Applications/Xcode.app/Contents/Developer/Platforms/MacOSX.platform/Developer/usr/bin/swift-plugin-server#SwiftMacros -load-resolved-plugin /Applications/Xcode.app/Contents/Developer/Platforms/MacOSX.platform/Developer/usr/lib/swift/host/plugins/libSwiftUIMacros.dylib#/Applications/Xcode.app/Contents/Developer/Platforms/MacOSX.platform/Developer/usr/bin/swift-plugin-server#SwiftUIMacros -disable-implicit-swift-modules -Xcc -fno-implicit-modules -Xcc -fno-implicit-module-maps -explicit-swift-module-map-file /Users/puneeth/Documents/NotchApp/build/Build/Intermediates.noindex/NotchApp.build/Release/NotchApp.build/Objects-normal/arm64/NotchApp-dependencies-1.json -debug-module-path /Users/puneeth/Documents/NotchApp/build/Build/Intermediates.noindex/NotchApp.build/Release/NotchApp.build/Objects-normal/arm64/NotchApp.swiftmodule -Xllvm -aarch64-use-tbi -enable-objc-interop -stack-check -sdk /Applications/Xcode.app/Contents/Developer/Platforms/MacOSX.platform/Developer/SDKs/MacOSX26.4.sdk -I /Users/puneeth/Documents/NotchApp/build/Build/Products/Release -F /Users/puneeth/Documents/NotchApp/build/Build/Products/Release/PackageFrameworks -F /Users/puneeth/Documents/NotchApp/build/Build/Products/Release/PackageFrameworks -F /Users/puneeth/Documents/NotchApp/build/Build/Products/Release/PackageFrameworks -F /Users/puneeth/Documents/NotchApp/build/Build/Products/Release -no-color-diagnostics -Xcc -fno-color-diagnostics -g -debug-info-format=dwarf -dwarf-version=4 -module-cache-path /Users/puneeth/Documents/NotchApp/build/Build/Intermediates.noindex/SwiftExplicitPrecompiledModules -swift-version 5 -O -serialize-debugging-options -const-gather-protocols-file /Users/puneeth/Documents/NotchApp/build/Build/Intermediates.noindex/NotchApp.build/Release/NotchApp.build/Objects-normal/arm64/NotchApp_const_extract_protocols.json -enable-upcoming-feature DisableOutwardActorInference -enable-upcoming-feature InferSendableFromCaptures -enable-upcoming-feature GlobalActorIsolatedTypesUsability -enable-upcoming-feature MemberImportVisibility -enable-upcoming-feature InferIsolatedConformances -enable-upcoming-feature NonisolatedNonsendingByDefault -enable-experimental-feature DebugDescriptionMacro -enable-bare-slash-regex -default-isolation=MainActor -empty-abi-descriptor -validate-clang-modules-once -clang-build-session-file /Users/puneeth/Documents/NotchApp/build/ModuleCache.noindex/Session.modulevalidation -Xcc -working-directory -Xcc /Users/puneeth/Documents/NotchApp -file-compilation-dir /Users/puneeth/Documents/NotchApp -Xcc -ivfsstatcache -Xcc /Users/puneeth/Documents/NotchApp/build/SDKStatCaches.noindex/macosx26.4-25E251-30f9ca8789b706f8bd3fc906a70d770f.sdkstatcache -Xcc -I/Users/puneeth/Documents/NotchApp/build/Build/Intermediates.noindex/NotchApp.build/Release/NotchApp.build/swift-overrides.hmap -Xcc -iquote -Xcc /Users/puneeth/Documents/NotchApp/build/Build/Intermediates.noindex/NotchApp.build/Release/NotchApp.build/NotchApp-generated-files.hmap -Xcc -I/Users/puneeth/Documents/NotchApp/build/Build/Intermediates.noindex/NotchApp.build/Release/NotchApp.build/NotchApp-own-target-headers.hmap -Xcc -I/Users/puneeth/Documents/NotchApp/build/Build/Intermediates.noindex/NotchApp.build/Release/NotchApp.build/NotchApp-all-non-framework-target-headers.hmap -Xcc -ivfsoverlay -Xcc /Users/puneeth/Documents/NotchApp/build/Build/Intermediates.noindex/NotchApp.build/Release/NotchApp-43d371e75e42fb2fedff4baeb6f11e61-VFS/all-product-headers.yaml -Xcc -iquote -Xcc /Users/puneeth/Documents/NotchApp/build/Build/Intermediates.noindex/NotchApp.build/Release/NotchApp.build/NotchApp-project-headers.hmap -Xcc -I/Users/puneeth/Documents/NotchApp/build/Build/Products/Release/include -Xcc -I/Users/puneeth/Documents/NotchApp/build/Build/Intermediates.noindex/NotchApp.build/Release/NotchApp.build/DerivedSources-normal/arm64 -Xcc -I/Users/puneeth/Documents/NotchApp/build/Build/Intermediates.noindex/NotchApp.build/Release/NotchApp.build/DerivedSources/arm64 -Xcc -I/Users/puneeth/Documents/NotchApp/build/Build/Intermediates.noindex/NotchApp.build/Release/NotchApp.build/DerivedSources -no-auto-bridging-header-chaining -module-name NotchApp -frontend-parseable-output -disable-clang-spi -clang-target arm64-apple-macos26.4 -target-sdk-version 26.4 -target-sdk-name macosx26.4 -in-process-plugin-server-path /Applications/Xcode.app/Contents/Developer/Toolchains/XcodeDefault.xctoolchain/usr/lib/swift/host/libSwiftInProcPluginServer.dylib -enable-default-cmo -num-threads 10 -o /Users/puneeth/Documents/NotchApp/build/Build/Intermediates.noindex/NotchApp.build/Release/NotchApp.build/Objects-normal/arm64/AppDelegate.o -o /Users/puneeth/Documents/NotchApp/build/Build/Intermediates.noindex/NotchApp.build/Release/NotchApp.build/Objects-normal/arm64/AppState.o -o /Users/puneeth/Documents/NotchApp/build/Build/Intermediates.noindex/NotchApp.build/Release/NotchApp.build/Objects-normal/arm64/NotchAppApp.o -o /Users/puneeth/Documents/NotchApp/build/Build/Intermediates.noindex/NotchApp.build/Release/NotchApp.build/Objects-normal/arm64/NotchState.o -o /Users/puneeth/Documents/NotchApp/build/Build/Intermediates.noindex/NotchApp.build/Release/NotchApp.build/Objects-normal/arm64/PersistenceController.o -o /Users/puneeth/Documents/NotchApp/build/Build/Intermediates.noindex/NotchApp.build/Release/NotchApp.build/Objects-normal/arm64/SettingsManager.o -o /Users/puneeth/Documents/NotchApp/build/Build/Intermediates.noindex/NotchApp.build/Release/NotchApp.build/Objects-normal/arm64/NotchBreakoutView.o -o /Users/puneeth/Documents/NotchApp/build/Build/Intermediates.noindex/NotchApp.build/Release/NotchApp.build/Objects-normal/arm64/NotchFlappyView.o -o /Users/puneeth/Documents/NotchApp/build/Build/Intermediates.noindex/NotchApp.build/Release/NotchApp.build/Objects-normal/arm64/NotchSnakeView.o -o /Users/puneeth/Documents/NotchApp/build/Build/Intermediates.noindex/NotchApp.build/Release/NotchApp.build/Objects-normal/arm64/CalendarManager.o -o /Users/puneeth/Documents/NotchApp/build/Build/Intermediates.noindex/NotchApp.build/Release/NotchApp.build/Objects-normal/arm64/CGSSpaceOverlay.o -o /Users/puneeth/Documents/NotchApp/build/Build/Intermediates.noindex/NotchApp.build/Release/NotchApp.build/Objects-normal/arm64/LauncherManager.o -o /Users/puneeth/Documents/NotchApp/build/Build/Intermediates.noindex/NotchApp.build/Release/NotchApp.build/Objects-normal/arm64/MediaPlayerManager.o -o /Users/puneeth/Documents/NotchApp/build/Build/Intermediates.noindex/NotchApp.build/Release/NotchApp.build/Objects-normal/arm64/NotchExpandedView.o -o /Users/puneeth/Documents/NotchApp/build/Build/Intermediates.noindex/NotchApp.build/Release/NotchApp.build/Objects-normal/arm64/NotchOverlayView.o -o /Users/puneeth/Documents/NotchApp/build/Build/Intermediates.noindex/NotchApp.build/Release/NotchApp.build/Objects-normal/arm64/NotchShape.o -o /Users/puneeth/Documents/NotchApp/build/Build/Intermediates.noindex/NotchApp.build/Release/NotchApp.build/Objects-normal/arm64/NotchWindowController.o -o /Users/puneeth/Documents/NotchApp/build/Build/Intermediates.noindex/NotchApp.build/Release/NotchApp.build/Objects-normal/arm64/NSImage+Color.o -o /Users/puneeth/Documents/NotchApp/build/Build/Intermediates.noindex/NotchApp.build/Release/NotchApp.build/Objects-normal/arm64/PreviewWindowController.o -o /Users/puneeth/Documents/NotchApp/build/Build/Intermediates.noindex/NotchApp.build/Release/NotchApp.build/Objects-normal/arm64/SystemMonitorManager.o -o /Users/puneeth/Documents/NotchApp/build/Build/Intermediates.noindex/NotchApp.build/Release/NotchApp.build/Objects-normal/arm64/TimerManager.o -o /Users/puneeth/Documents/NotchApp/build/Build/Intermediates.noindex/NotchApp.build/Release/NotchApp.build/Objects-normal/arm64/CaptureManager.o -o /Users/puneeth/Documents/NotchApp/build/Build/Intermediates.noindex/NotchApp.build/Release/NotchApp.build/Objects-normal/arm64/ScreenshotActionBar.o -o /Users/puneeth/Documents/NotchApp/build/Build/Intermediates.noindex/NotchApp.build/Release/NotchApp.build/Objects-normal/arm64/ScreenshotAnalyzer.o -o /Users/puneeth/Documents/NotchApp/build/Build/Intermediates.noindex/NotchApp.build/Release/NotchApp.build/Objects-normal/arm64/ScreenshotEditorWindow.o -o /Users/puneeth/Documents/NotchApp/build/Build/Intermediates.noindex/NotchApp.build/Release/NotchApp.build/Objects-normal/arm64/ScreenshotFloatingPreview.o -o /Users/puneeth/Documents/NotchApp/build/Build/Intermediates.noindex/NotchApp.build/Release/NotchApp.build/Objects-normal/arm64/ScreenshotGalleryView.o -o /Users/puneeth/Documents/NotchApp/build/Build/Intermediates.noindex/NotchApp.build/Release/NotchApp.build/Objects-normal/arm64/ScreenshotItem.o -o /Users/puneeth/Documents/NotchApp/build/Build/Intermediates.noindex/NotchApp.build/Release/NotchApp.build/Objects-normal/arm64/ScreenshotMonitor.o -o /Users/puneeth/Documents/NotchApp/build/Build/Intermediates.noindex/NotchApp.build/Release/NotchApp.build/Objects-normal/arm64/ScreenshotNamingView.o -o /Users/puneeth/Documents/NotchApp/build/Build/Intermediates.noindex/NotchApp.build/Release/NotchApp.build/Objects-normal/arm64/ScreenshotPreviewPopup.o -o /Users/puneeth/Documents/NotchApp/build/Build/Intermediates.noindex/NotchApp.build/Release/NotchApp.build/Objects-normal/arm64/SettingsView.o -o /Users/puneeth/Documents/NotchApp/build/Build/Intermediates.noindex/NotchApp.build/Release/NotchApp.build/Objects-normal/arm64/NotchlyHubView.o -o /Users/puneeth/Documents/NotchApp/build/Build/Intermediates.noindex/NotchApp.build/Release/NotchApp.build/Objects-normal/arm64/NotchlyHubWindowController.o -o /Users/puneeth/Documents/NotchApp/build/Build/Intermediates.noindex/NotchApp.build/Release/NotchApp.build/Objects-normal/arm64/VisualEffectView.o -o /Users/puneeth/Documents/NotchApp/build/Build/Intermediates.noindex/NotchApp.build/Release/NotchApp.build/Objects-normal/arm64/GeneratedAssetSymbols.o -index-unit-output-path /NotchApp.build/Release/NotchApp.build/Objects-normal/arm64/AppDelegate.o -index-unit-output-path /NotchApp.build/Release/NotchApp.build/Objects-normal/arm64/AppState.o -index-unit-output-path /NotchApp.build/Release/NotchApp.build/Objects-normal/arm64/NotchAppApp.o -index-unit-output-path /NotchApp.build/Release/NotchApp.build/Objects-normal/arm64/NotchState.o -index-unit-output-path /NotchApp.build/Release/NotchApp.build/Objects-normal/arm64/PersistenceController.o -index-unit-output-path /NotchApp.build/Release/NotchApp.build/Objects-normal/arm64/SettingsManager.o -index-unit-output-path /NotchApp.build/Release/NotchApp.build/Objects-normal/arm64/NotchBreakoutView.o -index-unit-output-path /NotchApp.build/Release/NotchApp.build/Objects-normal/arm64/NotchFlappyView.o -index-unit-output-path /NotchApp.build/Release/NotchApp.build/Objects-normal/arm64/NotchSnakeView.o -index-unit-output-path /NotchApp.build/Release/NotchApp.build/Objects-normal/arm64/CalendarManager.o -index-unit-output-path /NotchApp.build/Release/NotchApp.build/Objects-normal/arm64/CGSSpaceOverlay.o -index-unit-output-path /NotchApp.build/Release/NotchApp.build/Objects-normal/arm64/LauncherManager.o -index-unit-output-path /NotchApp.build/Release/NotchApp.build/Objects-normal/arm64/MediaPlayerManager.o -index-unit-output-path /NotchApp.build/Release/NotchApp.build/Objects-normal/arm64/NotchExpandedView.o -index-unit-output-path /NotchApp.build/Release/NotchApp.build/Objects-normal/arm64/NotchOverlayView.o -index-unit-output-path /NotchApp.build/Release/NotchApp.build/Objects-normal/arm64/NotchShape.o -index-unit-output-path /NotchApp.build/Release/NotchApp.build/Objects-normal/arm64/NotchWindowController.o -index-unit-output-path /NotchApp.build/Release/NotchApp.build/Objects-normal/arm64/NSImage+Color.o -index-unit-output-path /NotchApp.build/Release/NotchApp.build/Objects-normal/arm64/PreviewWindowController.o -index-unit-output-path /NotchApp.build/Release/NotchApp.build/Objects-normal/arm64/SystemMonitorManager.o -index-unit-output-path /NotchApp.build/Release/NotchApp.build/Objects-normal/arm64/TimerManager.o -index-unit-output-path /NotchApp.build/Release/NotchApp.build/Objects-normal/arm64/CaptureManager.o -index-unit-output-path /NotchApp.build/Release/NotchApp.build/Objects-normal/arm64/ScreenshotActionBar.o -index-unit-output-path /NotchApp.build/Release/NotchApp.build/Objects-normal/arm64/ScreenshotAnalyzer.o -index-unit-output-path /NotchApp.build/Release/NotchApp.build/Objects-normal/arm64/ScreenshotEditorWindow.o -index-unit-output-path /NotchApp.build/Release/NotchApp.build/Objects-normal/arm64/ScreenshotFloatingPreview.o -index-unit-output-path /NotchApp.build/Release/NotchApp.build/Objects-normal/arm64/ScreenshotGalleryView.o -index-unit-output-path /NotchApp.build/Release/NotchApp.build/Objects-normal/arm64/ScreenshotItem.o -index-unit-output-path /NotchApp.build/Release/NotchApp.build/Objects-normal/arm64/ScreenshotMonitor.o -index-unit-output-path /NotchApp.build/Release/NotchApp.build/Objects-normal/arm64/ScreenshotNamingView.o -index-unit-output-path /NotchApp.build/Release/NotchApp.build/Objects-normal/arm64/ScreenshotPreviewPopup.o -index-unit-output-path /NotchApp.build/Release/NotchApp.build/Objects-normal/arm64/SettingsView.o -index-unit-output-path /NotchApp.build/Release/NotchApp.build/Objects-normal/arm64/NotchlyHubView.o -index-unit-output-path /NotchApp.build/Release/NotchApp.build/Objects-normal/arm64/NotchlyHubWindowController.o -index-unit-output-path /NotchApp.build/Release/NotchApp.build/Objects-normal/arm64/VisualEffectView.o -index-unit-output-path /NotchApp.build/Release/NotchApp.build/Objects-normal/arm64/GeneratedAssetSymbols.o
1.	Apple Swift version 6.3.1 (swiftlang-6.3.1.1.2 clang-2100.0.123.102)
2.	Compiling with effective version 5.10
3.	While evaluating request ExecuteSILPipelineRequest(Run pipelines { PrepareOptimizationPasses, EarlyModulePasses, HighLevel,Function+EarlyLoopOpt, HighLevel,Module+StackPromote, MidLevel,Function, ClosureSpecialize, LowLevel,Function, LateLoopOpt, SIL Debug Info Generator } on SIL for NotchApp)
4.	While running pass #98766 SILFunctionTransform "EarlyPerfInliner" on SILFunction "@$s8NotchApp22PassThroughHostingViewCfD".
 for 'deinit' (at /Users/puneeth/Documents/NotchApp/NotchApp/App/AppDelegate.swift:5:7)
Stack dump without symbol names (ensure you have llvm-symbolizer in your PATH or set the environment var `LLVM_SYMBOLIZER_PATH` to point to it):
0  swift-frontend           0x000000010ac60234 llvm::sys::PrintStackTrace(llvm::raw_ostream&, int) + 56
1  swift-frontend           0x000000010ac5d6d4 llvm::sys::RunSignalHandlers() + 172
2  swift-frontend           0x000000010ac60824 SignalHandler(int, __siginfo*, void*) + 356
3  libsystem_platform.dylib 0x000000018c2f57a4 _sigtramp + 56
4  swift-frontend           0x00000001058eeaf4 isCallerAndCalleeLayoutConstraintsCompatible(swift::FullApplySite) + 236
5  swift-frontend           0x00000001058eeaf4 isCallerAndCalleeLayoutConstraintsCompatible(swift::FullApplySite) + 236
6  swift-frontend           0x00000001058ee698 swift::getEligibleFunction(swift::FullApplySite, swift::InlineSelection, swift::IsSelfRecursiveAnalysis*) + 1988
7  swift-frontend           0x00000001057ac188 (anonymous namespace)::SILPerformanceInliner::collectAppliesToInline(swift::SILFunction*, llvm::SmallVectorImpl<swift::FullApplySite>&) + 1340
8  swift-frontend           0x00000001057ab4d4 (anonymous namespace)::SILPerformanceInlinerPass::run() + 680
9  swift-frontend           0x00000001056fd228 swift::SILPassManager::runFunctionPasses(unsigned int, unsigned int) + 3256
10 swift-frontend           0x00000001056f5c44 swift::SILPassManager::executePassPipelinePlan(swift::SILPassPipelinePlan const&) + 228
11 swift-frontend           0x000000010570e388 swift::SimpleRequest<swift::ExecuteSILPipelineRequest, std::__1::tuple<> (swift::SILPipelineExecutionDescriptor), (swift::RequestFlags)1>::evaluateRequest(swift::ExecuteSILPipelineRequest const&, swift::Evaluator&) + 48
12 swift-frontend           0x00000001056ffd14 swift::ExecuteSILPipelineRequest::OutputType swift::Evaluator::getResultUncached<swift::ExecuteSILPipelineRequest, swift::ExecuteSILPipelineRequest::OutputType swift::evaluateOrFatal<swift::ExecuteSILPipelineRequest>(swift::Evaluator&, swift::ExecuteSILPipelineRequest)::'lambda'()>(swift::ExecuteSILPipelineRequest const&, swift::ExecuteSILPipelineRequest::OutputType swift::evaluateOrFatal<swift::ExecuteSILPipelineRequest>(swift::Evaluator&, swift::ExecuteSILPipelineRequest)::'lambda'()) + 388
13 swift-frontend           0x00000001057024d4 swift::runSILOptimizationPasses(swift::SILModule&) + 464
14 swift-frontend           0x0000000104be7ba0 swift::CompilerInstance::performSILProcessing(swift::SILModule*) + 1148
15 swift-frontend           0x00000001047cb538 performCompileStepsPostSILGen(swift::CompilerInstance&, std::__1::unique_ptr<swift::SILModule, std::__1::default_delete<swift::SILModule>>, llvm::PointerUnion<swift::ModuleDecl*, swift::SourceFile*>, swift::PrimarySpecificPaths const&, int&, swift::FrontendObserver*, llvm::ArrayRef<char const*>) + 1440
16 swift-frontend           0x00000001047caddc swift::performCompileStepsPostSema(swift::CompilerInstance&, int&, swift::FrontendObserver*, llvm::ArrayRef<char const*>) + 4560
17 swift-frontend           0x00000001047cf9c0 performCompile(swift::CompilerInstance&, int&, swift::FrontendObserver*, llvm::ArrayRef<char const*>) + 1740
18 swift-frontend           0x00000001047cc728 swift::performFrontend(llvm::ArrayRef<char const*>, char const*, void*, swift::FrontendObserver*) + 3308
19 swift-frontend           0x000000010474c334 swift::mainEntry(int, char const**) + 5224
20 dyld                     0x000000018bf2fda4 start + 6992
Failed frontend command:
LinkAssetCatalog /Users/puneeth/Documents/NotchApp/NotchApp/Assets.xcassets (in target 'NotchApp' from project 'NotchApp')
    cd /Users/puneeth/Documents/NotchApp
    builtin-linkAssetCatalog --thinned /Users/puneeth/Documents/NotchApp/build/Build/Intermediates.noindex/NotchApp.build/Release/NotchApp.build/assetcatalog_output/thinned --thinned-dependencies /Users/puneeth/Documents/NotchApp/build/Build/Intermediates.noindex/NotchApp.build/Release/NotchApp.build/assetcatalog_dependencies_thinned --thinned-info-plist-content /Users/puneeth/Documents/NotchApp/build/Build/Intermediates.noindex/NotchApp.build/Release/NotchApp.build/assetcatalog_generated_info.plist_thinned --unthinned /Users/puneeth/Documents/NotchApp/build/Build/Intermediates.noindex/NotchApp.build/Release/NotchApp.build/assetcatalog_output/unthinned --unthinned-dependencies /Users/puneeth/Documents/NotchApp/build/Build/Intermediates.noindex/NotchApp.build/Release/NotchApp.build/assetcatalog_dependencies_unthinned --unthinned-info-plist-content /Users/puneeth/Documents/NotchApp/build/Build/Intermediates.noindex/NotchApp.build/Release/NotchApp.build/assetcatalog_generated_info.plist_unthinned --output /Users/puneeth/Documents/NotchApp/build/Build/Products/Release/NotchApp.app/Contents/Resources --plist-output /Users/puneeth/Documents/NotchApp/build/Build/Intermediates.noindex/NotchApp.build/Release/NotchApp.build/assetcatalog_generated_info.plist
note: Emplaced /Users/puneeth/Documents/NotchApp/build/Build/Products/Release/NotchApp.app/Contents/Resources/Assets.car (in target 'NotchApp' from project 'NotchApp')

ProcessInfoPlistFile /Users/puneeth/Documents/NotchApp/build/Build/Products/Release/NotchApp.app/Contents/Info.plist /Users/puneeth/Documents/NotchApp/build/Build/Intermediates.noindex/NotchApp.build/Release/NotchApp.build/empty-NotchApp.plist (in target 'NotchApp' from project 'NotchApp')
    cd /Users/puneeth/Documents/NotchApp
    builtin-infoPlistUtility /Users/puneeth/Documents/NotchApp/build/Build/Intermediates.noindex/NotchApp.build/Release/NotchApp.build/empty-NotchApp.plist -producttype com.apple.product-type.application -genpkginfo /Users/puneeth/Documents/NotchApp/build/Build/Products/Release/NotchApp.app/Contents/PkgInfo -expandbuildsettings -platform macosx -additionalcontentfile /Users/puneeth/Documents/NotchApp/build/Build/Intermediates.noindex/NotchApp.build/Release/NotchApp.build/assetcatalog_generated_info.plist -scanforprivacyfile /Users/puneeth/Documents/NotchApp/build/Build/Products/Release/NotchApp.app/Contents/Frameworks/Sparkle.framework -scanforprivacyfile /Users/puneeth/Documents/NotchApp/build/Build/Products/Release/NotchApp.app/Contents/Resources/Defaults_Defaults.bundle -scanforprivacyfile /Users/puneeth/Documents/NotchApp/build/Build/Products/Release/NotchApp.app/Contents/Resources/KeyboardShortcuts_KeyboardShortcuts.bundle -o /Users/puneeth/Documents/NotchApp/build/Build/Products/Release/NotchApp.app/Contents/Info.plist

** BUILD FAILED **


The following build commands failed:
	SwiftCompile normal arm64 Compiling\ AppDelegate.swift,\ AppState.swift,\ NotchAppApp.swift,\ NotchState.swift,\ PersistenceController.swift,\ SettingsManager.swift,\ NotchBreakoutView.swift,\ NotchFlappyView.swift,\ NotchSnakeView.swift,\ CalendarManager.swift,\ CGSSpaceOverlay.swift,\ LauncherManager.swift,\ MediaPlayerManager.swift,\ NotchExpandedView.swift,\ NotchOverlayView.swift,\ NotchShape.swift,\ NotchWindowController.swift,\ NSImage+Color.swift,\ PreviewWindowController.swift,\ SystemMonitorManager.swift,\ TimerManager.swift,\ CaptureManager.swift,\ ScreenshotActionBar.swift,\ ScreenshotAnalyzer.swift,\ ScreenshotEditorWindow.swift,\ ScreenshotFloatingPreview.swift,\ ScreenshotGalleryView.swift,\ ScreenshotItem.swift,\ ScreenshotMonitor.swift,\ ScreenshotNamingView.swift,\ ScreenshotPreviewPopup.swift,\ SettingsView.swift,\ NotchlyHubView.swift,\ NotchlyHubWindowController.swift,\ VisualEffectView.swift,\ GeneratedAssetSymbols.swift /Users/puneeth/Documents/NotchApp/NotchApp/App/AppDelegate.swift /Users/puneeth/Documents/NotchApp/NotchApp/App/AppState.swift /Users/puneeth/Documents/NotchApp/NotchApp/App/NotchAppApp.swift /Users/puneeth/Documents/NotchApp/NotchApp/App/NotchState.swift /Users/puneeth/Documents/NotchApp/NotchApp/App/PersistenceController.swift /Users/puneeth/Documents/NotchApp/NotchApp/App/SettingsManager.swift /Users/puneeth/Documents/NotchApp/NotchApp/Games/NotchBreakoutView.swift /Users/puneeth/Documents/NotchApp/NotchApp/Games/NotchFlappyView.swift /Users/puneeth/Documents/NotchApp/NotchApp/Games/NotchSnakeView.swift /Users/puneeth/Documents/NotchApp/NotchApp/Notch/CalendarManager.swift /Users/puneeth/Documents/NotchApp/NotchApp/Notch/CGSSpaceOverlay.swift /Users/puneeth/Documents/NotchApp/NotchApp/Notch/LauncherManager.swift /Users/puneeth/Documents/NotchApp/NotchApp/Notch/MediaPlayerManager.swift /Users/puneeth/Documents/NotchApp/NotchApp/Notch/NotchExpandedView.swift /Users/puneeth/Documents/NotchApp/NotchApp/Notch/NotchOverlayView.swift /Users/puneeth/Documents/NotchApp/NotchApp/Notch/NotchShape.swift /Users/puneeth/Documents/NotchApp/NotchApp/Notch/NotchWindowController.swift /Users/puneeth/Documents/NotchApp/NotchApp/Notch/NSImage+Color.swift /Users/puneeth/Documents/NotchApp/NotchApp/Notch/PreviewWindowController.swift /Users/puneeth/Documents/NotchApp/NotchApp/Notch/SystemMonitorManager.swift /Users/puneeth/Documents/NotchApp/NotchApp/Notch/TimerManager.swift /Users/puneeth/Documents/NotchApp/NotchApp/Screenshots/CaptureManager.swift /Users/puneeth/Documents/NotchApp/NotchApp/Screenshots/ScreenshotActionBar.swift /Users/puneeth/Documents/NotchApp/NotchApp/Screenshots/ScreenshotAnalyzer.swift /Users/puneeth/Documents/NotchApp/NotchApp/Screenshots/ScreenshotEditorWindow.swift /Users/puneeth/Documents/NotchApp/NotchApp/Screenshots/ScreenshotFloatingPreview.swift /Users/puneeth/Documents/NotchApp/NotchApp/Screenshots/ScreenshotGalleryView.swift /Users/puneeth/Documents/NotchApp/NotchApp/Screenshots/ScreenshotItem.swift /Users/puneeth/Documents/NotchApp/NotchApp/Screenshots/ScreenshotMonitor.swift /Users/puneeth/Documents/NotchApp/NotchApp/Screenshots/ScreenshotNamingView.swift /Users/puneeth/Documents/NotchApp/NotchApp/Screenshots/ScreenshotPreviewPopup.swift /Users/puneeth/Documents/NotchApp/NotchApp/Settings/SettingsView.swift /Users/puneeth/Documents/NotchApp/NotchApp/UI/NotchlyHubView.swift /Users/puneeth/Documents/NotchApp/NotchApp/UI/NotchlyHubWindowController.swift /Users/puneeth/Documents/NotchApp/NotchApp/UI/VisualEffectView.swift /Users/puneeth/Documents/NotchApp/build/Build/Intermediates.noindex/NotchApp.build/Release/NotchApp.build/DerivedSources/GeneratedAssetSymbols.swift /Applications/Xcode.app/Contents/Developer/Toolchains/XcodeDefault.xctoolchain/usr/lib/swift/macosx/prebuilt-modules/26.4/_Builtin_float.swiftmodule/arm64e-apple-macos.swiftmodule /Applications/Xcode.app/Contents/Developer/Toolchains/XcodeDefault.xctoolchain/usr/lib/swift/macosx/prebuilt-modules/26.4/CoreML.swiftmodule/arm64e-apple-macos.swiftmodule /Applications/Xcode.app/Contents/Developer/Toolchains/XcodeDefault.xctoolchain/usr/lib/swift/macosx/prebuilt-modules/26.4/CoreVideo.swiftmodule/arm64e-apple-macos.swiftmodule /Applications/Xcode.app/Contents/Developer/Toolchains/XcodeDefault.xctoolchain/usr/lib/swift/macosx/prebuilt-modules/26.4/CoreText.swiftmodule/arm64e-apple-macos.swiftmodule /Applications/Xcode.app/Contents/Developer/Toolchains/XcodeDefault.xctoolchain/usr/lib/swift/macosx/prebuilt-modules/26.4/Observation.swiftmodule/arm64e-apple-macos.swiftmodule /Applications/Xcode.app/Contents/Developer/Toolchains/XcodeDefault.xctoolchain/usr/lib/swift/macosx/prebuilt-modules/26.4/Accessibility.swiftmodule/arm64e-apple-macos.swiftmodule /Applications/Xcode.app/Contents/Developer/Toolchains/XcodeDefault.xctoolchain/usr/lib/swift/macosx/prebuilt-modules/26.4/Spatial.swiftmodule/arm64e-apple-macos.swiftmodule /Applications/Xcode.app/Contents/Developer/Toolchains/XcodeDefault.xctoolchain/usr/lib/swift/macosx/prebuilt-modules/26.4/XPC.swiftmodule/arm64e-apple-macos.swiftmodule /Applications/Xcode.app/Contents/Developer/Toolchains/XcodeDefault.xctoolchain/usr/lib/swift/macosx/prebuilt-modules/26.4/CoreMIDI.swiftmodule/arm64e-apple-macos.swiftmodule /Applications/Xcode.app/Contents/Developer/Toolchains/XcodeDefault.xctoolchain/usr/lib/swift/macosx/prebuilt-modules/26.4/CoreTransferable.swiftmodule/arm64e-apple-macos.swiftmodule /Applications/Xcode.app/Contents/Developer/Toolchains/XcodeDefault.xctoolchain/usr/lib/swift/macosx/prebuilt-modules/26.4/Vision.swiftmodule/arm64e-apple-macos.swiftmodule /Applications/Xcode.app/Contents/Developer/Toolchains/XcodeDefault.xctoolchain/usr/lib/swift/macosx/prebuilt-modules/26.4/CoreImage.swiftmodule/arm64e-apple-macos.swiftmodule /Applications/Xcode.app/Contents/Developer/Toolchains/XcodeDefault.xctoolchain/usr/lib/swift/macosx/prebuilt-modules/26.4/CoreAudio.swiftmodule/arm64e-apple-macos.swiftmodule /Applications/Xcode.app/Contents/Developer/Toolchains/XcodeDefault.xctoolchain/usr/lib/swift/macosx/prebuilt-modules/26.4/IOKit.swiftmodule/arm64e-apple-macos.swiftmodule /Applications/Xcode.app/Contents/Developer/Toolchains/XcodeDefault.xctoolchain/usr/lib/swift/macosx/prebuilt-modules/26.4/_DarwinFoundation2.swiftmodule/arm64e-apple-macos.swiftmodule /Applications/Xcode.app/Contents/Developer/Toolchains/XcodeDefault.xctoolchain/usr/lib/swift/macosx/prebuilt-modules/26.4/Accelerate.swiftmodule/arm64e-apple-macos.swiftmodule /Applications/Xcode.app/Contents/Developer/Toolchains/XcodeDefault.xctoolchain/usr/lib/swift/macosx/prebuilt-modules/26.4/Synchronization.swiftmodule/arm64e-apple-macos.swiftmodule /Applications/Xcode.app/Contents/Developer/Toolchains/XcodeDefault.xctoolchain/usr/lib/swift/macosx/prebuilt-modules/26.4/SwiftUI.swiftmodule/arm64e-apple-macos.swiftmodule /Applications/Xcode.app/Contents/Developer/Toolchains/XcodeDefault.xctoolchain/usr/lib/swift/macosx/prebuilt-modules/26.4/Symbols.swiftmodule/arm64e-apple-macos.swiftmodule /Applications/Xcode.app/Contents/Developer/Toolchains/XcodeDefault.xctoolchain/usr/lib/swift/macosx/prebuilt-modules/26.4/OSLog.swiftmodule/arm64e-apple-macos.swiftmodule /Applications/Xcode.app/Contents/Developer/Toolchains/XcodeDefault.xctoolchain/usr/lib/swift/macosx/prebuilt-modules/26.4/AVFoundation.swiftmodule/arm64e-apple-macos.swiftmodule /Applications/Xcode.app/Contents/Developer/Toolchains/XcodeDefault.xctoolchain/usr/lib/swift/macosx/prebuilt-modules/26.4/CoreLocation.swiftmodule/arm64e-apple-macos.swiftmodule /Applications/Xcode.app/Contents/Developer/Toolchains/XcodeDefault.xctoolchain/usr/lib/swift/macosx/prebuilt-modules/26.4/CoreGraphics.swiftmodule/arm64e-apple-macos.swiftmodule /Applications/Xcode.app/Contents/Developer/Toolchains/XcodeDefault.xctoolchain/usr/lib/swift/macosx/prebuilt-modules/26.4/Dispatch.swiftmodule/arm64e-apple-macos.swiftmodule /Applications/Xcode.app/Contents/Developer/Toolchains/XcodeDefault.xctoolchain/usr/lib/swift/macosx/prebuilt-modules/26.4/_DarwinFoundation3.swiftmodule/arm64e-apple-macos.swiftmodule /Applications/Xcode.app/Contents/Developer/Toolchains/XcodeDefault.xctoolchain/usr/lib/swift/macosx/prebuilt-modules/26.4/Combine.swiftmodule/arm64e-apple-macos.swiftmodule /Users/puneeth/Documents/NotchApp/build/Build/Products/Release/KeyboardShortcuts.swiftmodule/arm64-apple-macos.swiftmodule /Applications/Xcode.app/Contents/Developer/Toolchains/XcodeDefault.xctoolchain/usr/lib/swift/macosx/prebuilt-modules/26.4/AppKit.swiftmodule/arm64e-apple-macos.swiftmodule /Applications/Xcode.app/Contents/Developer/Toolchains/XcodeDefault.xctoolchain/usr/lib/swift/macosx/prebuilt-modules/26.4/ObjectiveC.swiftmodule/arm64e-apple-macos.swiftmodule /Applications/Xcode.app/Contents/Developer/Toolchains/XcodeDefault.xctoolchain/usr/lib/swift/macosx/prebuilt-modules/26.4/_StringProcessing.swiftmodule/arm64e-apple-macos.swiftmodule /Applications/Xcode.app/Contents/Developer/Toolchains/XcodeDefault.xctoolchain/usr/lib/swift/macosx/prebuilt-modules/26.4/AudioToolbox.swiftmodule/arm64e-apple-macos.swiftmodule /Applications/Xcode.app/Contents/Developer/Toolchains/XcodeDefault.xctoolchain/usr/lib/swift/macosx/prebuilt-modules/26.4/Metal.swiftmodule/arm64e-apple-macos.swiftmodule /Applications/Xcode.app/Contents/Developer/Toolchains/XcodeDefault.xctoolchain/usr/lib/swift/macosx/prebuilt-modules/26.4/_Concurrency.swiftmodule/arm64e-apple-macos.swiftmodule /Applications/Xcode.app/Contents/Developer/Toolchains/XcodeDefault.xctoolchain/usr/lib/swift/macosx/prebuilt-modules/26.4/CoreFoundation.swiftmodule/arm64e-apple-macos.swiftmodule /Applications/Xcode.app/Contents/Developer/Toolchains/XcodeDefault.xctoolchain/usr/lib/swift/macosx/prebuilt-modules/26.4/DataDetection.swiftmodule/arm64e-apple-macos.swiftmodule /Applications/Xcode.app/Contents/Developer/Toolchains/XcodeDefault.xctoolchain/usr/lib/swift/macosx/prebuilt-modules/26.4/SwiftUICore.swiftmodule/arm64e-apple-macos.swiftmodule /Applications/Xcode.app/Contents/Developer/Toolchains/XcodeDefault.xctoolchain/usr/lib/swift/macosx/prebuilt-modules/26.4/QuartzCore.swiftmodule/arm64e-apple-macos.swiftmodule /Applications/Xcode.app/Contents/Developer/Toolchains/XcodeDefault.xctoolchain/usr/lib/swift/macosx/prebuilt-modules/26.4/CoreData.swiftmodule/arm64e-apple-macos.swiftmodule /Applications/Xcode.app/Contents/Developer/Toolchains/XcodeDefault.xctoolchain/usr/lib/swift/macosx/prebuilt-modules/26.4/Swift.swiftmodule/arm64e-apple-macos.swiftmodule /Applications/Xcode.app/Contents/Developer/Toolchains/XcodeDefault.xctoolchain/usr/lib/swift/macosx/prebuilt-modules/26.4/_DarwinFoundation1.swiftmodule/arm64e-apple-macos.swiftmodule /Applications/Xcode.app/Contents/Developer/Toolchains/XcodeDefault.xctoolchain/usr/lib/swift/macosx/prebuilt-modules/26.4/SwiftData.swiftmodule/arm64e-apple-macos.swiftmodule /Applications/Xcode.app/Contents/Developer/Toolchains/XcodeDefault.xctoolchain/usr/lib/swift/macosx/prebuilt-modules/26.4/DeveloperToolsSupport.swiftmodule/arm64e-apple-macos.swiftmodule /Applications/Xcode.app/Contents/Developer/Toolchains/XcodeDefault.xctoolchain/usr/lib/swift/macosx/prebuilt-modules/26.4/CoreMedia.swiftmodule/arm64e-apple-macos.swiftmodule /Applications/Xcode.app/Contents/Developer/Toolchains/XcodeDefault.xctoolchain/usr/lib/swift/macosx/prebuilt-modules/26.4/simd.swiftmodule/arm64e-apple-macos.swiftmodule /Applications/Xcode.app/Contents/Developer/Toolchains/XcodeDefault.xctoolchain/usr/lib/swift/macosx/prebuilt-modules/26.4/os.swiftmodule/arm64e-apple-macos.swiftmodule /Applications/Xcode.app/Contents/Developer/Toolchains/XcodeDefault.xctoolchain/usr/lib/swift/macosx/prebuilt-modules/26.4/_SwiftData_SwiftUI.swiftmodule/arm64e-apple-macos.swiftmodule /Applications/Xcode.app/Contents/Developer/Toolchains/XcodeDefault.xctoolchain/usr/lib/swift/macosx/prebuilt-modules/26.4/System.swiftmodule/arm64e-apple-macos.swiftmodule /Applications/Xcode.app/Contents/Developer/Toolchains/XcodeDefault.xctoolchain/usr/lib/swift/macosx/prebuilt-modules/26.4/UniformTypeIdentifiers.swiftmodule/arm64e-apple-macos.swiftmodule /Applications/Xcode.app/Contents/Developer/Toolchains/XcodeDefault.xctoolchain/usr/lib/swift/macosx/prebuilt-modules/26.4/Darwin.swiftmodule/arm64e-apple-macos.swiftmodule /Applications/Xcode.app/Contents/Developer/Toolchains/XcodeDefault.xctoolchain/usr/lib/swift/macosx/prebuilt-modules/26.4/EventKit.swiftmodule/arm64e-apple-macos.swiftmodule /Applications/Xcode.app/Contents/Developer/Toolchains/XcodeDefault.xctoolchain/usr/lib/swift/macosx/prebuilt-modules/26.4/AVFAudio.swiftmodule/arm64e-apple-macos.swiftmodule /Applications/Xcode.app/Contents/Developer/Toolchains/XcodeDefault.xctoolchain/usr/lib/swift/macosx/prebuilt-modules/26.4/Foundation.swiftmodule/arm64e-apple-macos.swiftmodule /Users/puneeth/Documents/NotchApp/build/ModuleCache.noindex/_DarwinFoundation2-89E7RNH1JX205UCRFWGTC7X91.pcm /Users/puneeth/Documents/NotchApp/build/ModuleCache.noindex/AVFoundation-AVP9UMUSNYS9703CGZTOMT16T.pcm /Users/puneeth/Documents/NotchApp/build/ModuleCache.noindex/CoreVideo-AHIRSIYD902XW1DO6GTGH6TW.pcm /Users/puneeth/Documents/NotchApp/build/ModuleCache.noindex/CoreAudioTypes-37FTS2S0YACOPE3K3KM8XUOO4.pcm /Users/puneeth/Documents/NotchApp/build/ModuleCache.noindex/AVFAudio-5VPZXM6RON151W08E4H7TCIHL.pcm /Users/puneeth/Documents/NotchApp/build/ModuleCache.noindex/_Builtin_limits-3UVWCZF15FTIP6YQVHJ3KGD09.pcm /Users/puneeth/Documents/NotchApp/build/ModuleCache.noindex/CoreImage-DX4O6DVNGKJI65TUN7LG2ZG4Z.pcm /Users/puneeth/Documents/NotchApp/build/ModuleCache.noindex/Metal-CNEIQW7VBH1TLDC8JPHY7FYLG.pcm /Users/puneeth/Documents/NotchApp/build/ModuleCache.noindex/UniformTypeIdentifiers-9YT0S1IARD209ZRR1KBYN5ZJ7.pcm /Users/puneeth/Documents/NotchApp/build/ModuleCache.noindex/os-8YP9U0XJ82NKXKDPT4DBZSLHW.pcm /Users/puneeth/Documents/NotchApp/build/ModuleCache.noindex/libkern-DL8CJDU2U6QWDLDNCOI5TDPL.pcm /Users/puneeth/Documents/NotchApp/build/ModuleCache.noindex/os_workgroup-BZY1H7OSCF9ZS84XVAKOS4HTF.pcm /Users/puneeth/Documents/NotchApp/build/ModuleCache.noindex/_Builtin_inttypes-3W0ZT6SV04R9I5BAE2OU5IJI2.pcm /Users/puneeth/Documents/NotchApp/build/ModuleCache.noindex/CoreServices-25Z746E3XQV0ATX90PXSYZ5O5.pcm /Users/puneeth/Documents/NotchApp/build/ModuleCache.noindex/CoreLocation-BFZ5JOVWUMG6AIGOQ2SNOFYX.pcm /Users/puneeth/Documents/NotchApp/build/ModuleCache.noindex/AppKit-CJ5Z7SFAL2MBAQ7C1HMF42RFH.pcm /Users/puneeth/Documents/NotchApp/build/ModuleCache.noindex/Accelerate-F2TVQE8CSLOIOT7ZEXKBV5BOM.pcm /Users/puneeth/Documents/NotchApp/build/ModuleCache.noindex/ApplicationServices-E0Y7OYCHTGCRSP2O97X9LDV72.pcm /Users/puneeth/Documents/NotchApp/build/ModuleCache.noindex/SwiftShims-BA1RIXKIGBC2X5E145ADW7BGY.pcm /Users/puneeth/Documents/NotchApp/build/ModuleCache.noindex/_DarwinFoundation1-D13S8GTUJ6LXYKVIQYUN16OF9.pcm /Users/puneeth/Documents/NotchApp/build/ModuleCache.noindex/ColorSync-ERBO4WLD6UMRL6VCKL7BLV70O.pcm /Users/puneeth/Documents/NotchApp/build/ModuleCache.noindex/CoreText-56KBYBJAVT38HK3DLEL58TS8I.pcm /Users/puneeth/Documents/NotchApp/build/ModuleCache.noindex/Dispatch-992M5W6AUSA51ZFPM2AQID7R7.pcm /Users/puneeth/Documents/NotchApp/build/ModuleCache.noindex/SwiftUI-UA8N0RSJBD1GYW4ZUTLDNFAI.pcm /Users/puneeth/Documents/NotchApp/build/ModuleCache.noindex/CUPS-ASY968D9D6JHF5KUDA9WWYKJX.pcm /Users/puneeth/Documents/NotchApp/build/ModuleCache.noindex/CoreTransferable-A9CLCRV0UEG02AVQG9TLTVXN2.pcm /Users/puneeth/Documents/NotchApp/build/ModuleCache.noindex/libDER-9VDXA5XU45EQZRG5AXZ5TAVWJ.pcm /Users/puneeth/Documents/NotchApp/build/ModuleCache.noindex/IOSurface-DP20C5QFPIGSGZZEOHJ8QVEJW.pcm /Users/puneeth/Documents/NotchApp/build/ModuleCache.noindex/CoreMedia-32O8NQRQXSGN9FU98GKTQNBZW.pcm /Users/puneeth/Documents/NotchApp/build/ModuleCache.noindex/MediaToolbox-AR6SQSR87ZU60M7PWVOVMKUTF.pcm /Users/puneeth/Documents/NotchApp/build/ModuleCache.noindex/_LocationEssentials-13CWK25VFLXX9N5F3FFWP0QP7.pcm /Users/puneeth/Documents/NotchApp/build/ModuleCache.noindex/_Builtin_stddef-EFESH44KD3BEZDTA9E70EMUE7.pcm /Users/puneeth/Documents/NotchApp/build/ModuleCache.noindex/Foundation-9PI37GYDLG6VJGCQ7LEY2RS4H.pcm /Users/puneeth/Documents/NotchApp/build/ModuleCache.noindex/simd-11ZN482HYT14IHC5MZHSX45UC.pcm /Users/puneeth/Documents/NotchApp/build/ModuleCache.noindex/IOKit-5GCJQLPLWR0ON7ELDCD967KU.pcm /Users/puneeth/Documents/NotchApp/build/ModuleCache.noindex/_Builtin_stdatomic-E9Z9RVGW5ZM5L570ZY9O8KL9N.pcm /Users/puneeth/Documents/NotchApp/build/ModuleCache.noindex/CoreFoundation-CPTYGAXDEIJE9OES248LFPTE3.pcm /Users/puneeth/Documents/NotchApp/build/ModuleCache.noindex/launch-9HTUY30XA1Q0A9PZ7EEQXO2YK.pcm /Users/puneeth/Documents/NotchApp/build/ModuleCache.noindex/QuartzCore-EDAETMY0G6R0106YGCCWWA9CA.pcm /Users/puneeth/Documents/NotchApp/build/ModuleCache.noindex/_Builtin_stdint-AURG2P4JUASK56ABRK7OWKDG3.pcm /Users/puneeth/Documents/NotchApp/build/ModuleCache.noindex/AudioToolbox-D5MWJ3HQIY1UVIQWE3IEYF7A7.pcm /Users/puneeth/Documents/NotchApp/build/ModuleCache.noindex/Security-3SH96GLMHOX04JRQUQRM22REE.pcm /Users/puneeth/Documents/NotchApp/build/ModuleCache.noindex/Accessibility-484EL51XBJXDPOXAAG6H9JD9V.pcm /Users/puneeth/Documents/NotchApp/build/ModuleCache.noindex/_SwiftConcurrencyShims-1CTO2VIZOQCVTRWEEVSDQ4ZM3.pcm /Users/puneeth/Documents/NotchApp/build/ModuleCache.noindex/MachO-7KRDIKPPAUM27M6RWK12P9FRG.pcm /Users/puneeth/Documents/NotchApp/build/ModuleCache.noindex/CoreMIDI-1ZK75BHM7XJZOR24KX9EBSOXU.pcm /Users/puneeth/Documents/NotchApp/build/ModuleCache.noindex/Vision-YQJ6PG9KH1J8DSEVO6MQIFH9.pcm /Users/puneeth/Documents/NotchApp/build/ModuleCache.noindex/Symbols-5BBWF1ECYTOVI56AFF4NM6TH0.pcm /Users/puneeth/Documents/NotchApp/build/ModuleCache.noindex/CoreAudio-9Z90P0P5ERURAUE9A8O2CSATL.pcm /Users/puneeth/Documents/NotchApp/build/ModuleCache.noindex/CoreGraphics-80IVWI4XFFV6X4OG71122064W.pcm /Users/puneeth/Documents/NotchApp/build/ModuleCache.noindex/Darwin-3BG8JGFFCN3IY6VYOUU3P2Z9K.pcm /Users/puneeth/Documents/NotchApp/build/ModuleCache.noindex/sys_types-A63ZO1LLXDJY9BSK3TJ60FKPS.pcm /Users/puneeth/Documents/NotchApp/build/ModuleCache.noindex/OSLog-9IL6ZPQSRD3GC0Y4MEWA0N046.pcm /Users/puneeth/Documents/NotchApp/build/ModuleCache.noindex/XPC-7FR92DOJIDOI7A3LL0AMLQRY2.pcm /Users/puneeth/Documents/NotchApp/build/ModuleCache.noindex/DataDetection-1GAQ0OB8XYR86T1QA2VJ669C8.pcm /Users/puneeth/Documents/NotchApp/build/ModuleCache.noindex/SwiftUICore-DJEY9IWVJR9RS5UNCB3PNA44D.pcm /Users/puneeth/Documents/NotchApp/build/ModuleCache.noindex/DeveloperToolsSupport-EVBB6OIZ03B0R8ZDPD38RDFF9.pcm /Users/puneeth/Documents/NotchApp/build/ModuleCache.noindex/_Builtin_tgmath-F1UOLSJWQPCZJGAYQM3G0GFSJ.pcm /Users/puneeth/Documents/NotchApp/build/ModuleCache.noindex/Carbon-4QUDDLW45WXVL8KE7FWEQP8BU.pcm /Users/puneeth/Documents/NotchApp/build/ModuleCache.noindex/_Builtin_stdarg-2D4ZVX2LHW45C602636IDO8W2.pcm /Users/puneeth/Documents/NotchApp/build/ModuleCache.noindex/ObjectiveC-CG647N6ACZZHFTJH0MWREG270.pcm /Users/puneeth/Documents/NotchApp/build/ModuleCache.noindex/ptrauth-3A1G9ETQFI37XCBMDPOKA2FJF.pcm /Users/puneeth/Documents/NotchApp/build/ModuleCache.noindex/_Builtin_float-BKE76OC9T3FJQ902E4N7AFZ2Z.pcm /Users/puneeth/Documents/NotchApp/build/ModuleCache.noindex/CFNetwork-4L79RT1XNW3D53OW7DKUKXBRH.pcm /Users/puneeth/Documents/NotchApp/build/ModuleCache.noindex/EventKit-6U2TN9P08LQ4UDKV6R53LBN8D.pcm /Users/puneeth/Documents/NotchApp/build/ModuleCache.noindex/os_object-D18GDX1T2JNFV4YBTI444XL1S.pcm /Users/puneeth/Documents/NotchApp/build/ModuleCache.noindex/_DarwinFoundation3-DT40H53OASTFDMOMJS947PZ7Z.pcm /Users/puneeth/Documents/NotchApp/build/ModuleCache.noindex/_Builtin_stdbool-7P93KHXIQZ96YWULYCU8BVGST.pcm /Users/puneeth/Documents/NotchApp/build/ModuleCache.noindex/ptrcheck-22AGC5ZD3NP2WJX10F00SPZ8J.pcm /Users/puneeth/Documents/NotchApp/build/ModuleCache.noindex/ImageIO-CWB3KLITB9KJG43IHDNIXQS82.pcm /Users/puneeth/Documents/NotchApp/build/ModuleCache.noindex/CoreML-E0XDYBYWFNV87B8729LBUS206.pcm /Users/puneeth/Documents/NotchApp/build/ModuleCache.noindex/_AvailabilityInternal-EIKG4RD4CCD98G9KIVPPF6L3P.pcm /Users/puneeth/Documents/NotchApp/build/ModuleCache.noindex/OpenGL-7KMIIYZ5LTTK2OD2JEYJCTIYK.pcm /Users/puneeth/Documents/NotchApp/build/ModuleCache.noindex/DiskArbitration-D40LY0A9ES1IFYMSK6SUNYIM6.pcm /Users/puneeth/Documents/NotchApp/build/ModuleCache.noindex/_Builtin_intrinsics-94OPJ9HMDT5ZIT0QMQ5XG84RU.pcm /Users/puneeth/Documents/NotchApp/build/ModuleCache.noindex/CoreData-CY2D9ZAVJF6BWEOEW3HBZQBUQ.pcm /Users/puneeth/Documents/NotchApp/build/ModuleCache.noindex/Spatial-C33F416HFN34ZUQX5Z8WVFTPH.pcm /Users/puneeth/Documents/NotchApp/build/Build/Intermediates.noindex/NotchApp.build/Release/NotchApp.build/Objects-normal/arm64/NotchApp-dependencies-1.json (in target 'NotchApp' from project 'NotchApp')
	Building project NotchApp with scheme NotchApp and configuration Release
(2 failures)
